,process,region,binning,color,process_type,scale,variation,source_filename,source_histname,alias,title,combine_idx,direction,syst_type,shapes,variation_alias,lnN
0,data_obs,fwd1bPass,default,1,DATA,1.0,nominal,/afs/cern.ch/user/m/mmorris/BackgroundEstimation/CMSSW_10_6_14/src/BstarToTW_CMSDAS2023_BackgroundEstimation/rootfiles/TTbarAllHad16_Data.root,MttvsMtfwd1bPass,16_Data,Data,,,,,,
1,16_signalRSGluon2000,fwd1bPass,default,1,SIGNAL,1.0,lumi,/afs/cern.ch/user/m/mmorris/BackgroundEstimation/CMSSW_10_6_14/src/BstarToTW_CMSDAS2023_BackgroundEstimation/rootfiles/TTbarAllHad16_signalRSGluon2000.root,MttvsMtfwd1bPass,16_signalRSGluon2000,g_{RS} (3 TeV),,,lnN,,,1.018
2,16_signalRSGluon2000,fwd1bPass,default,1,SIGNAL,1.0,pileup,/afs/cern.ch/user/m/mmorris/BackgroundEstimation/CMSSW_10_6_14/src/BstarToTW_CMSDAS2023_BackgroundEstimation/rootfiles/TTbarAllHad16_signalRSGluon2000.root,MttvsMtfwd1bPassPILEUPup,16_signalRSGluon2000,g_{RS} (3 TeV),,Up,shapes,1.0,PILEUP,
3,16_signalRSGluon2000,fwd1bPass,default,1,SIGNAL,1.0,pileup,/afs/cern.ch/user/m/mmorris/BackgroundEstimation/CMSSW_10_6_14/src/BstarToTW_CMSDAS2023_BackgroundEstimation/rootfiles/TTbarAllHad16_signalRSGluon2000.root,MttvsMtfwd1bPassPILEUPdown,16_signalRSGluon2000,g_{RS} (3 TeV),,Down,shapes,1.0,PILEUP,
4,16_signalRSGluon2000,fwd1bPass,default,1,SIGNAL,1.0,pdf,/afs/cern.ch/user/m/mmorris/BackgroundEstimation/CMSSW_10_6_14/src/BstarToTW_CMSDAS2023_BackgroundEstimation/rootfiles/TTbarAllHad16_signalRSGluon2000.root,MttvsMtfwd1bPassPDFup,16_signalRSGluon2000,g_{RS} (3 TeV),,Up,shapes,1.0,PDF,
5,16_signalRSGluon2000,fwd1bPass,default,1,SIGNAL,1.0,pdf,/afs/cern.ch/user/m/mmorris/BackgroundEstimation/CMSSW_10_6_14/src/BstarToTW_CMSDAS2023_BackgroundEstimation/rootfiles/TTbarAllHad16_signalRSGluon2000.root,MttvsMtfwd1bPassPDFdown,16_signalRSGluon2000,g_{RS} (3 TeV),,Down,shapes,1.0,PDF,
6,16_signalRSGluon2000,fwd1bPass,default,1,SIGNAL,1.0,jes,/afs/cern.ch/user/m/mmorris/BackgroundEstimation/CMSSW_10_6_14/src/BstarToTW_CMSDAS2023_BackgroundEstimation/rootfiles/TTbarAllHad16_signalRSGluon2000.root,MttvsMtfwd1bPassJESup,16_signalRSGluon2000,g_{RS} (3 TeV),,Up,shapes,1.0,JES,
7,16_signalRSGluon2000,fwd1bPass,default,1,SIGNAL,1.0,jes,/afs/cern.ch/user/m/mmorris/BackgroundEstimation/CMSSW_10_6_14/src/BstarToTW_CMSDAS2023_BackgroundEstimation/rootfiles/TTbarAllHad16_signalRSGluon2000.root,MttvsMtfwd1bPassJESdown,16_signalRSGluon2000,g_{RS} (3 TeV),,Down,shapes,1.0,JES,
8,16_signalRSGluon2000,fwd1bPass,default,1,SIGNAL,1.0,jer,/afs/cern.ch/user/m/mmorris/BackgroundEstimation/CMSSW_10_6_14/src/BstarToTW_CMSDAS2023_BackgroundEstimation/rootfiles/TTbarAllHad16_signalRSGluon2000.root,MttvsMtfwd1bPassJERup,16_signalRSGluon2000,g_{RS} (3 TeV),,Up,shapes,1.0,JER,
9,16_signalRSGluon2000,fwd1bPass,default,1,SIGNAL,1.0,jer,/afs/cern.ch/user/m/mmorris/BackgroundEstimation/CMSSW_10_6_14/src/BstarToTW_CMSDAS2023_BackgroundEstimation/rootfiles/TTbarAllHad16_signalRSGluon2000.root,MttvsMtfwd1bPassJERdown,16_signalRSGluon2000,g_{RS} (3 TeV),,Down,shapes,1.0,JER,
10,16_signalRSGluon2000,fwd1bPass,default,1,SIGNAL,1.0,nominal,/afs/cern.ch/user/m/mmorris/BackgroundEstimation/CMSSW_10_6_14/src/BstarToTW_CMSDAS2023_BackgroundEstimation/rootfiles/TTbarAllHad16_signalRSGluon2000.root,MttvsMtfwd1bPass,16_signalRSGluon2000,g_{RS} (3 TeV),,,,,,
21,16_TTbar,fwd1bPass,default,2,BKG,1.0,lumi,/afs/cern.ch/user/m/mmorris/BackgroundEstimation/CMSSW_10_6_14/src/BstarToTW_CMSDAS2023_BackgroundEstimation/rootfiles/TTbarAllHad16_TTbar.root,MttvsMtfwd1bPass,16_TTbar,t#bar{t},,,lnN,,,1.018
22,16_TTbar,fwd1bPass,default,2,BKG,1.0,ttbar_xsec,/afs/cern.ch/user/m/mmorris/BackgroundEstimation/CMSSW_10_6_14/src/BstarToTW_CMSDAS2023_BackgroundEstimation/rootfiles/TTbarAllHad16_TTbar.root,MttvsMtfwd1bPass,16_TTbar,t#bar{t},,,lnN,,,1.2
23,16_TTbar,fwd1bPass,default,2,BKG,1.0,pileup,/afs/cern.ch/user/m/mmorris/BackgroundEstimation/CMSSW_10_6_14/src/BstarToTW_CMSDAS2023_BackgroundEstimation/rootfiles/TTbarAllHad16_TTbar.root,MttvsMtfwd1bPassPILEUPup,16_TTbar,t#bar{t},,Up,shapes,1.0,PILEUP,
24,16_TTbar,fwd1bPass,default,2,BKG,1.0,pileup,/afs/cern.ch/user/m/mmorris/BackgroundEstimation/CMSSW_10_6_14/src/BstarToTW_CMSDAS2023_BackgroundEstimation/rootfiles/TTbarAllHad16_TTbar.root,MttvsMtfwd1bPassPILEUPdown,16_TTbar,t#bar{t},,Down,shapes,1.0,PILEUP,
25,16_TTbar,fwd1bPass,default,2,BKG,1.0,pdf,/afs/cern.ch/user/m/mmorris/BackgroundEstimation/CMSSW_10_6_14/src/BstarToTW_CMSDAS2023_BackgroundEstimation/rootfiles/TTbarAllHad16_TTbar.root,MttvsMtfwd1bPassPDFup,16_TTbar,t#bar{t},,Up,shapes,1.0,PDF,
26,16_TTbar,fwd1bPass,default,2,BKG,1.0,pdf,/afs/cern.ch/user/m/mmorris/BackgroundEstimation/CMSSW_10_6_14/src/BstarToTW_CMSDAS2023_BackgroundEstimation/rootfiles/TTbarAllHad16_TTbar.root,MttvsMtfwd1bPassPDFdown,16_TTbar,t#bar{t},,Down,shapes,1.0,PDF,
27,16_TTbar,fwd1bPass,default,2,BKG,1.0,jes,/afs/cern.ch/user/m/mmorris/BackgroundEstimation/CMSSW_10_6_14/src/BstarToTW_CMSDAS2023_BackgroundEstimation/rootfiles/TTbarAllHad16_TTbar.root,MttvsMtfwd1bPassJESup,16_TTbar,t#bar{t},,Up,shapes,1.0,JES,
28,16_TTbar,fwd1bPass,default,2,BKG,1.0,jes,/afs/cern.ch/user/m/mmorris/BackgroundEstimation/CMSSW_10_6_14/src/BstarToTW_CMSDAS2023_BackgroundEstimation/rootfiles/TTbarAllHad16_TTbar.root,MttvsMtfwd1bPassJESdown,16_TTbar,t#bar{t},,Down,shapes,1.0,JES,
29,16_TTbar,fwd1bPass,default,2,BKG,1.0,jer,/afs/cern.ch/user/m/mmorris/BackgroundEstimation/CMSSW_10_6_14/src/BstarToTW_CMSDAS2023_BackgroundEstimation/rootfiles/TTbarAllHad16_TTbar.root,MttvsMtfwd1bPassJERup,16_TTbar,t#bar{t},,Up,shapes,1.0,JER,
30,16_TTbar,fwd1bPass,default,2,BKG,1.0,jer,/afs/cern.ch/user/m/mmorris/BackgroundEstimation/CMSSW_10_6_14/src/BstarToTW_CMSDAS2023_BackgroundEstimation/rootfiles/TTbarAllHad16_TTbar.root,MttvsMtfwd1bPassJERdown,16_TTbar,t#bar{t},,Down,shapes,1.0,JER,
31,16_TTbar,fwd1bPass,default,2,BKG,1.0,nominal,/afs/cern.ch/user/m/mmorris/BackgroundEstimation/CMSSW_10_6_14/src/BstarToTW_CMSDAS2023_BackgroundEstimation/rootfiles/TTbarAllHad16_TTbar.root,MttvsMtfwd1bPass,16_TTbar,t#bar{t},,,,,,
32,data_obs,fwd2bPass,default,1,DATA,1.0,nominal,/afs/cern.ch/user/m/mmorris/BackgroundEstimation/CMSSW_10_6_14/src/BstarToTW_CMSDAS2023_BackgroundEstimation/rootfiles/TTbarAllHad16_Data.root,MttvsMtfwd2bPass,16_Data,Data,,,,,,
33,16_signalRSGluon2000,fwd2bPass,default,1,SIGNAL,1.0,lumi,/afs/cern.ch/user/m/mmorris/BackgroundEstimation/CMSSW_10_6_14/src/BstarToTW_CMSDAS2023_BackgroundEstimation/rootfiles/TTbarAllHad16_signalRSGluon2000.root,MttvsMtfwd2bPass,16_signalRSGluon2000,g_{RS} (3 TeV),,,lnN,,,1.018
34,16_signalRSGluon2000,fwd2bPass,default,1,SIGNAL,1.0,pileup,/afs/cern.ch/user/m/mmorris/BackgroundEstimation/CMSSW_10_6_14/src/BstarToTW_CMSDAS2023_BackgroundEstimation/rootfiles/TTbarAllHad16_signalRSGluon2000.root,MttvsMtfwd2bPassPILEUPup,16_signalRSGluon2000,g_{RS} (3 TeV),,Up,shapes,1.0,PILEUP,
35,16_signalRSGluon2000,fwd2bPass,default,1,SIGNAL,1.0,pileup,/afs/cern.ch/user/m/mmorris/BackgroundEstimation/CMSSW_10_6_14/src/BstarToTW_CMSDAS2023_BackgroundEstimation/rootfiles/TTbarAllHad16_signalRSGluon2000.root,MttvsMtfwd2bPassPILEUPdown,16_signalRSGluon2000,g_{RS} (3 TeV),,Down,shapes,1.0,PILEUP,
36,16_signalRSGluon2000,fwd2bPass,default,1,SIGNAL,1.0,pdf,/afs/cern.ch/user/m/mmorris/BackgroundEstimation/CMSSW_10_6_14/src/BstarToTW_CMSDAS2023_BackgroundEstimation/rootfiles/TTbarAllHad16_signalRSGluon2000.root,MttvsMtfwd2bPassPDFup,16_signalRSGluon2000,g_{RS} (3 TeV),,Up,shapes,1.0,PDF,
37,16_signalRSGluon2000,fwd2bPass,default,1,SIGNAL,1.0,pdf,/afs/cern.ch/user/m/mmorris/BackgroundEstimation/CMSSW_10_6_14/src/BstarToTW_CMSDAS2023_BackgroundEstimation/rootfiles/TTbarAllHad16_signalRSGluon2000.root,MttvsMtfwd2bPassPDFdown,16_signalRSGluon2000,g_{RS} (3 TeV),,Down,shapes,1.0,PDF,
38,16_signalRSGluon2000,fwd2bPass,default,1,SIGNAL,1.0,jes,/afs/cern.ch/user/m/mmorris/BackgroundEstimation/CMSSW_10_6_14/src/BstarToTW_CMSDAS2023_BackgroundEstimation/rootfiles/TTbarAllHad16_signalRSGluon2000.root,MttvsMtfwd2bPassJESup,16_signalRSGluon2000,g_{RS} (3 TeV),,Up,shapes,1.0,JES,
39,16_signalRSGluon2000,fwd2bPass,default,1,SIGNAL,1.0,jes,/afs/cern.ch/user/m/mmorris/BackgroundEstimation/CMSSW_10_6_14/src/BstarToTW_CMSDAS2023_BackgroundEstimation/rootfiles/TTbarAllHad16_signalRSGluon2000.root,MttvsMtfwd2bPassJESdown,16_signalRSGluon2000,g_{RS} (3 TeV),,Down,shapes,1.0,JES,
40,16_signalRSGluon2000,fwd2bPass,default,1,SIGNAL,1.0,jer,/afs/cern.ch/user/m/mmorris/BackgroundEstimation/CMSSW_10_6_14/src/BstarToTW_CMSDAS2023_BackgroundEstimation/rootfiles/TTbarAllHad16_signalRSGluon2000.root,MttvsMtfwd2bPassJERup,16_signalRSGluon2000,g_{RS} (3 TeV),,Up,shapes,1.0,JER,
41,16_signalRSGluon2000,fwd2bPass,default,1,SIGNAL,1.0,jer,/afs/cern.ch/user/m/mmorris/BackgroundEstimation/CMSSW_10_6_14/src/BstarToTW_CMSDAS2023_BackgroundEstimation/rootfiles/TTbarAllHad16_signalRSGluon2000.root,MttvsMtfwd2bPassJERdown,16_signalRSGluon2000,g_{RS} (3 TeV),,Down,shapes,1.0,JER,
42,16_signalRSGluon2000,fwd2bPass,default,1,SIGNAL,1.0,nominal,/afs/cern.ch/user/m/mmorris/BackgroundEstimation/CMSSW_10_6_14/src/BstarToTW_CMSDAS2023_BackgroundEstimation/rootfiles/TTbarAllHad16_signalRSGluon2000.root,MttvsMtfwd2bPass,16_signalRSGluon2000,g_{RS} (3 TeV),,,,,,
53,16_TTbar,fwd2bPass,default,2,BKG,1.0,lumi,/afs/cern.ch/user/m/mmorris/BackgroundEstimation/CMSSW_10_6_14/src/BstarToTW_CMSDAS2023_BackgroundEstimation/rootfiles/TTbarAllHad16_TTbar.root,MttvsMtfwd2bPass,16_TTbar,t#bar{t},,,lnN,,,1.018
54,16_TTbar,fwd2bPass,default,2,BKG,1.0,ttbar_xsec,/afs/cern.ch/user/m/mmorris/BackgroundEstimation/CMSSW_10_6_14/src/BstarToTW_CMSDAS2023_BackgroundEstimation/rootfiles/TTbarAllHad16_TTbar.root,MttvsMtfwd2bPass,16_TTbar,t#bar{t},,,lnN,,,1.2
55,16_TTbar,fwd2bPass,default,2,BKG,1.0,pileup,/afs/cern.ch/user/m/mmorris/BackgroundEstimation/CMSSW_10_6_14/src/BstarToTW_CMSDAS2023_BackgroundEstimation/rootfiles/TTbarAllHad16_TTbar.root,MttvsMtfwd2bPassPILEUPup,16_TTbar,t#bar{t},,Up,shapes,1.0,PILEUP,
56,16_TTbar,fwd2bPass,default,2,BKG,1.0,pileup,/afs/cern.ch/user/m/mmorris/BackgroundEstimation/CMSSW_10_6_14/src/BstarToTW_CMSDAS2023_BackgroundEstimation/rootfiles/TTbarAllHad16_TTbar.root,MttvsMtfwd2bPassPILEUPdown,16_TTbar,t#bar{t},,Down,shapes,1.0,PILEUP,
57,16_TTbar,fwd2bPass,default,2,BKG,1.0,pdf,/afs/cern.ch/user/m/mmorris/BackgroundEstimation/CMSSW_10_6_14/src/BstarToTW_CMSDAS2023_BackgroundEstimation/rootfiles/TTbarAllHad16_TTbar.root,MttvsMtfwd2bPassPDFup,16_TTbar,t#bar{t},,Up,shapes,1.0,PDF,
58,16_TTbar,fwd2bPass,default,2,BKG,1.0,pdf,/afs/cern.ch/user/m/mmorris/BackgroundEstimation/CMSSW_10_6_14/src/BstarToTW_CMSDAS2023_BackgroundEstimation/rootfiles/TTbarAllHad16_TTbar.root,MttvsMtfwd2bPassPDFdown,16_TTbar,t#bar{t},,Down,shapes,1.0,PDF,
59,16_TTbar,fwd2bPass,default,2,BKG,1.0,jes,/afs/cern.ch/user/m/mmorris/BackgroundEstimation/CMSSW_10_6_14/src/BstarToTW_CMSDAS2023_BackgroundEstimation/rootfiles/TTbarAllHad16_TTbar.root,MttvsMtfwd2bPassJESup,16_TTbar,t#bar{t},,Up,shapes,1.0,JES,
60,16_TTbar,fwd2bPass,default,2,BKG,1.0,jes,/afs/cern.ch/user/m/mmorris/BackgroundEstimation/CMSSW_10_6_14/src/BstarToTW_CMSDAS2023_BackgroundEstimation/rootfiles/TTbarAllHad16_TTbar.root,MttvsMtfwd2bPassJESdown,16_TTbar,t#bar{t},,Down,shapes,1.0,JES,
61,16_TTbar,fwd2bPass,default,2,BKG,1.0,jer,/afs/cern.ch/user/m/mmorris/BackgroundEstimation/CMSSW_10_6_14/src/BstarToTW_CMSDAS2023_BackgroundEstimation/rootfiles/TTbarAllHad16_TTbar.root,MttvsMtfwd2bPassJERup,16_TTbar,t#bar{t},,Up,shapes,1.0,JER,
62,16_TTbar,fwd2bPass,default,2,BKG,1.0,jer,/afs/cern.ch/user/m/mmorris/BackgroundEstimation/CMSSW_10_6_14/src/BstarToTW_CMSDAS2023_BackgroundEstimation/rootfiles/TTbarAllHad16_TTbar.root,MttvsMtfwd2bPassJERdown,16_TTbar,t#bar{t},,Down,shapes,1.0,JER,
63,16_TTbar,fwd2bPass,default,2,BKG,1.0,nominal,/afs/cern.ch/user/m/mmorris/BackgroundEstimation/CMSSW_10_6_14/src/BstarToTW_CMSDAS2023_BackgroundEstimation/rootfiles/TTbarAllHad16_TTbar.root,MttvsMtfwd2bPass,16_TTbar,t#bar{t},,,,,,
64,data_obs,cen2bPass,default,1,DATA,1.0,nominal,/afs/cern.ch/user/m/mmorris/BackgroundEstimation/CMSSW_10_6_14/src/BstarToTW_CMSDAS2023_BackgroundEstimation/rootfiles/TTbarAllHad16_Data.root,MttvsMtcen2bPass,16_Data,Data,,,,,,
65,16_signalRSGluon2000,cen2bPass,default,1,SIGNAL,1.0,lumi,/afs/cern.ch/user/m/mmorris/BackgroundEstimation/CMSSW_10_6_14/src/BstarToTW_CMSDAS2023_BackgroundEstimation/rootfiles/TTbarAllHad16_signalRSGluon2000.root,MttvsMtcen2bPass,16_signalRSGluon2000,g_{RS} (3 TeV),,,lnN,,,1.018
66,16_signalRSGluon2000,cen2bPass,default,1,SIGNAL,1.0,pileup,/afs/cern.ch/user/m/mmorris/BackgroundEstimation/CMSSW_10_6_14/src/BstarToTW_CMSDAS2023_BackgroundEstimation/rootfiles/TTbarAllHad16_signalRSGluon2000.root,MttvsMtcen2bPassPILEUPup,16_signalRSGluon2000,g_{RS} (3 TeV),,Up,shapes,1.0,PILEUP,
67,16_signalRSGluon2000,cen2bPass,default,1,SIGNAL,1.0,pileup,/afs/cern.ch/user/m/mmorris/BackgroundEstimation/CMSSW_10_6_14/src/BstarToTW_CMSDAS2023_BackgroundEstimation/rootfiles/TTbarAllHad16_signalRSGluon2000.root,MttvsMtcen2bPassPILEUPdown,16_signalRSGluon2000,g_{RS} (3 TeV),,Down,shapes,1.0,PILEUP,
68,16_signalRSGluon2000,cen2bPass,default,1,SIGNAL,1.0,pdf,/afs/cern.ch/user/m/mmorris/BackgroundEstimation/CMSSW_10_6_14/src/BstarToTW_CMSDAS2023_BackgroundEstimation/rootfiles/TTbarAllHad16_signalRSGluon2000.root,MttvsMtcen2bPassPDFup,16_signalRSGluon2000,g_{RS} (3 TeV),,Up,shapes,1.0,PDF,
69,16_signalRSGluon2000,cen2bPass,default,1,SIGNAL,1.0,pdf,/afs/cern.ch/user/m/mmorris/BackgroundEstimation/CMSSW_10_6_14/src/BstarToTW_CMSDAS2023_BackgroundEstimation/rootfiles/TTbarAllHad16_signalRSGluon2000.root,MttvsMtcen2bPassPDFdown,16_signalRSGluon2000,g_{RS} (3 TeV),,Down,shapes,1.0,PDF,
70,16_signalRSGluon2000,cen2bPass,default,1,SIGNAL,1.0,jes,/afs/cern.ch/user/m/mmorris/BackgroundEstimation/CMSSW_10_6_14/src/BstarToTW_CMSDAS2023_BackgroundEstimation/rootfiles/TTbarAllHad16_signalRSGluon2000.root,MttvsMtcen2bPassJESup,16_signalRSGluon2000,g_{RS} (3 TeV),,Up,shapes,1.0,JES,
71,16_signalRSGluon2000,cen2bPass,default,1,SIGNAL,1.0,jes,/afs/cern.ch/user/m/mmorris/BackgroundEstimation/CMSSW_10_6_14/src/BstarToTW_CMSDAS2023_BackgroundEstimation/rootfiles/TTbarAllHad16_signalRSGluon2000.root,MttvsMtcen2bPassJESdown,16_signalRSGluon2000,g_{RS} (3 TeV),,Down,shapes,1.0,JES,
72,16_signalRSGluon2000,cen2bPass,default,1,SIGNAL,1.0,jer,/afs/cern.ch/user/m/mmorris/BackgroundEstimation/CMSSW_10_6_14/src/BstarToTW_CMSDAS2023_BackgroundEstimation/rootfiles/TTbarAllHad16_signalRSGluon2000.root,MttvsMtcen2bPassJERup,16_signalRSGluon2000,g_{RS} (3 TeV),,Up,shapes,1.0,JER,
73,16_signalRSGluon2000,cen2bPass,default,1,SIGNAL,1.0,jer,/afs/cern.ch/user/m/mmorris/BackgroundEstimation/CMSSW_10_6_14/src/BstarToTW_CMSDAS2023_BackgroundEstimation/rootfiles/TTbarAllHad16_signalRSGluon2000.root,MttvsMtcen2bPassJERdown,16_signalRSGluon2000,g_{RS} (3 TeV),,Down,shapes,1.0,JER,
74,16_signalRSGluon2000,cen2bPass,default,1,SIGNAL,1.0,nominal,/afs/cern.ch/user/m/mmorris/BackgroundEstimation/CMSSW_10_6_14/src/BstarToTW_CMSDAS2023_BackgroundEstimation/rootfiles/TTbarAllHad16_signalRSGluon2000.root,MttvsMtcen2bPass,16_signalRSGluon2000,g_{RS} (3 TeV),,,,,,
85,16_TTbar,cen2bPass,default,2,BKG,1.0,lumi,/afs/cern.ch/user/m/mmorris/BackgroundEstimation/CMSSW_10_6_14/src/BstarToTW_CMSDAS2023_BackgroundEstimation/rootfiles/TTbarAllHad16_TTbar.root,MttvsMtcen2bPass,16_TTbar,t#bar{t},,,lnN,,,1.018
86,16_TTbar,cen2bPass,default,2,BKG,1.0,ttbar_xsec,/afs/cern.ch/user/m/mmorris/BackgroundEstimation/CMSSW_10_6_14/src/BstarToTW_CMSDAS2023_BackgroundEstimation/rootfiles/TTbarAllHad16_TTbar.root,MttvsMtcen2bPass,16_TTbar,t#bar{t},,,lnN,,,1.2
87,16_TTbar,cen2bPass,default,2,BKG,1.0,pileup,/afs/cern.ch/user/m/mmorris/BackgroundEstimation/CMSSW_10_6_14/src/BstarToTW_CMSDAS2023_BackgroundEstimation/rootfiles/TTbarAllHad16_TTbar.root,MttvsMtcen2bPassPILEUPup,16_TTbar,t#bar{t},,Up,shapes,1.0,PILEUP,
88,16_TTbar,cen2bPass,default,2,BKG,1.0,pileup,/afs/cern.ch/user/m/mmorris/BackgroundEstimation/CMSSW_10_6_14/src/BstarToTW_CMSDAS2023_BackgroundEstimation/rootfiles/TTbarAllHad16_TTbar.root,MttvsMtcen2bPassPILEUPdown,16_TTbar,t#bar{t},,Down,shapes,1.0,PILEUP,
89,16_TTbar,cen2bPass,default,2,BKG,1.0,pdf,/afs/cern.ch/user/m/mmorris/BackgroundEstimation/CMSSW_10_6_14/src/BstarToTW_CMSDAS2023_BackgroundEstimation/rootfiles/TTbarAllHad16_TTbar.root,MttvsMtcen2bPassPDFup,16_TTbar,t#bar{t},,Up,shapes,1.0,PDF,
90,16_TTbar,cen2bPass,default,2,BKG,1.0,pdf,/afs/cern.ch/user/m/mmorris/BackgroundEstimation/CMSSW_10_6_14/src/BstarToTW_CMSDAS2023_BackgroundEstimation/rootfiles/TTbarAllHad16_TTbar.root,MttvsMtcen2bPassPDFdown,16_TTbar,t#bar{t},,Down,shapes,1.0,PDF,
91,16_TTbar,cen2bPass,default,2,BKG,1.0,jes,/afs/cern.ch/user/m/mmorris/BackgroundEstimation/CMSSW_10_6_14/src/BstarToTW_CMSDAS2023_BackgroundEstimation/rootfiles/TTbarAllHad16_TTbar.root,MttvsMtcen2bPassJESup,16_TTbar,t#bar{t},,Up,shapes,1.0,JES,
92,16_TTbar,cen2bPass,default,2,BKG,1.0,jes,/afs/cern.ch/user/m/mmorris/BackgroundEstimation/CMSSW_10_6_14/src/BstarToTW_CMSDAS2023_BackgroundEstimation/rootfiles/TTbarAllHad16_TTbar.root,MttvsMtcen2bPassJESdown,16_TTbar,t#bar{t},,Down,shapes,1.0,JES,
93,16_TTbar,cen2bPass,default,2,BKG,1.0,jer,/afs/cern.ch/user/m/mmorris/BackgroundEstimation/CMSSW_10_6_14/src/BstarToTW_CMSDAS2023_BackgroundEstimation/rootfiles/TTbarAllHad16_TTbar.root,MttvsMtcen2bPassJERup,16_TTbar,t#bar{t},,Up,shapes,1.0,JER,
94,16_TTbar,cen2bPass,default,2,BKG,1.0,jer,/afs/cern.ch/user/m/mmorris/BackgroundEstimation/CMSSW_10_6_14/src/BstarToTW_CMSDAS2023_BackgroundEstimation/rootfiles/TTbarAllHad16_TTbar.root,MttvsMtcen2bPassJERdown,16_TTbar,t#bar{t},,Down,shapes,1.0,JER,
95,16_TTbar,cen2bPass,default,2,BKG,1.0,nominal,/afs/cern.ch/user/m/mmorris/BackgroundEstimation/CMSSW_10_6_14/src/BstarToTW_CMSDAS2023_BackgroundEstimation/rootfiles/TTbarAllHad16_TTbar.root,MttvsMtcen2bPass,16_TTbar,t#bar{t},,,,,,
96,data_obs,cen1bPass,default,1,DATA,1.0,nominal,/afs/cern.ch/user/m/mmorris/BackgroundEstimation/CMSSW_10_6_14/src/BstarToTW_CMSDAS2023_BackgroundEstimation/rootfiles/TTbarAllHad16_Data.root,MttvsMtcen1bPass,16_Data,Data,,,,,,
97,16_signalRSGluon2000,cen1bPass,default,1,SIGNAL,1.0,lumi,/afs/cern.ch/user/m/mmorris/BackgroundEstimation/CMSSW_10_6_14/src/BstarToTW_CMSDAS2023_BackgroundEstimation/rootfiles/TTbarAllHad16_signalRSGluon2000.root,MttvsMtcen1bPass,16_signalRSGluon2000,g_{RS} (3 TeV),,,lnN,,,1.018
98,16_signalRSGluon2000,cen1bPass,default,1,SIGNAL,1.0,pileup,/afs/cern.ch/user/m/mmorris/BackgroundEstimation/CMSSW_10_6_14/src/BstarToTW_CMSDAS2023_BackgroundEstimation/rootfiles/TTbarAllHad16_signalRSGluon2000.root,MttvsMtcen1bPassPILEUPup,16_signalRSGluon2000,g_{RS} (3 TeV),,Up,shapes,1.0,PILEUP,
99,16_signalRSGluon2000,cen1bPass,default,1,SIGNAL,1.0,pileup,/afs/cern.ch/user/m/mmorris/BackgroundEstimation/CMSSW_10_6_14/src/BstarToTW_CMSDAS2023_BackgroundEstimation/rootfiles/TTbarAllHad16_signalRSGluon2000.root,MttvsMtcen1bPassPILEUPdown,16_signalRSGluon2000,g_{RS} (3 TeV),,Down,shapes,1.0,PILEUP,
100,16_signalRSGluon2000,cen1bPass,default,1,SIGNAL,1.0,pdf,/afs/cern.ch/user/m/mmorris/BackgroundEstimation/CMSSW_10_6_14/src/BstarToTW_CMSDAS2023_BackgroundEstimation/rootfiles/TTbarAllHad16_signalRSGluon2000.root,MttvsMtcen1bPassPDFup,16_signalRSGluon2000,g_{RS} (3 TeV),,Up,shapes,1.0,PDF,
101,16_signalRSGluon2000,cen1bPass,default,1,SIGNAL,1.0,pdf,/afs/cern.ch/user/m/mmorris/BackgroundEstimation/CMSSW_10_6_14/src/BstarToTW_CMSDAS2023_BackgroundEstimation/rootfiles/TTbarAllHad16_signalRSGluon2000.root,MttvsMtcen1bPassPDFdown,16_signalRSGluon2000,g_{RS} (3 TeV),,Down,shapes,1.0,PDF,
102,16_signalRSGluon2000,cen1bPass,default,1,SIGNAL,1.0,jes,/afs/cern.ch/user/m/mmorris/BackgroundEstimation/CMSSW_10_6_14/src/BstarToTW_CMSDAS2023_BackgroundEstimation/rootfiles/TTbarAllHad16_signalRSGluon2000.root,MttvsMtcen1bPassJESup,16_signalRSGluon2000,g_{RS} (3 TeV),,Up,shapes,1.0,JES,
103,16_signalRSGluon2000,cen1bPass,default,1,SIGNAL,1.0,jes,/afs/cern.ch/user/m/mmorris/BackgroundEstimation/CMSSW_10_6_14/src/BstarToTW_CMSDAS2023_BackgroundEstimation/rootfiles/TTbarAllHad16_signalRSGluon2000.root,MttvsMtcen1bPassJESdown,16_signalRSGluon2000,g_{RS} (3 TeV),,Down,shapes,1.0,JES,
104,16_signalRSGluon2000,cen1bPass,default,1,SIGNAL,1.0,jer,/afs/cern.ch/user/m/mmorris/BackgroundEstimation/CMSSW_10_6_14/src/BstarToTW_CMSDAS2023_BackgroundEstimation/rootfiles/TTbarAllHad16_signalRSGluon2000.root,MttvsMtcen1bPassJERup,16_signalRSGluon2000,g_{RS} (3 TeV),,Up,shapes,1.0,JER,
105,16_signalRSGluon2000,cen1bPass,default,1,SIGNAL,1.0,jer,/afs/cern.ch/user/m/mmorris/BackgroundEstimation/CMSSW_10_6_14/src/BstarToTW_CMSDAS2023_BackgroundEstimation/rootfiles/TTbarAllHad16_signalRSGluon2000.root,MttvsMtcen1bPassJERdown,16_signalRSGluon2000,g_{RS} (3 TeV),,Down,shapes,1.0,JER,
106,16_signalRSGluon2000,cen1bPass,default,1,SIGNAL,1.0,nominal,/afs/cern.ch/user/m/mmorris/BackgroundEstimation/CMSSW_10_6_14/src/BstarToTW_CMSDAS2023_BackgroundEstimation/rootfiles/TTbarAllHad16_signalRSGluon2000.root,MttvsMtcen1bPass,16_signalRSGluon2000,g_{RS} (3 TeV),,,,,,
117,16_TTbar,cen1bPass,default,2,BKG,1.0,lumi,/afs/cern.ch/user/m/mmorris/BackgroundEstimation/CMSSW_10_6_14/src/BstarToTW_CMSDAS2023_BackgroundEstimation/rootfiles/TTbarAllHad16_TTbar.root,MttvsMtcen1bPass,16_TTbar,t#bar{t},,,lnN,,,1.018
118,16_TTbar,cen1bPass,default,2,BKG,1.0,ttbar_xsec,/afs/cern.ch/user/m/mmorris/BackgroundEstimation/CMSSW_10_6_14/src/BstarToTW_CMSDAS2023_BackgroundEstimation/rootfiles/TTbarAllHad16_TTbar.root,MttvsMtcen1bPass,16_TTbar,t#bar{t},,,lnN,,,1.2
119,16_TTbar,cen1bPass,default,2,BKG,1.0,pileup,/afs/cern.ch/user/m/mmorris/BackgroundEstimation/CMSSW_10_6_14/src/BstarToTW_CMSDAS2023_BackgroundEstimation/rootfiles/TTbarAllHad16_TTbar.root,MttvsMtcen1bPassPILEUPup,16_TTbar,t#bar{t},,Up,shapes,1.0,PILEUP,
120,16_TTbar,cen1bPass,default,2,BKG,1.0,pileup,/afs/cern.ch/user/m/mmorris/BackgroundEstimation/CMSSW_10_6_14/src/BstarToTW_CMSDAS2023_BackgroundEstimation/rootfiles/TTbarAllHad16_TTbar.root,MttvsMtcen1bPassPILEUPdown,16_TTbar,t#bar{t},,Down,shapes,1.0,PILEUP,
121,16_TTbar,cen1bPass,default,2,BKG,1.0,pdf,/afs/cern.ch/user/m/mmorris/BackgroundEstimation/CMSSW_10_6_14/src/BstarToTW_CMSDAS2023_BackgroundEstimation/rootfiles/TTbarAllHad16_TTbar.root,MttvsMtcen1bPassPDFup,16_TTbar,t#bar{t},,Up,shapes,1.0,PDF,
122,16_TTbar,cen1bPass,default,2,BKG,1.0,pdf,/afs/cern.ch/user/m/mmorris/BackgroundEstimation/CMSSW_10_6_14/src/BstarToTW_CMSDAS2023_BackgroundEstimation/rootfiles/TTbarAllHad16_TTbar.root,MttvsMtcen1bPassPDFdown,16_TTbar,t#bar{t},,Down,shapes,1.0,PDF,
123,16_TTbar,cen1bPass,default,2,BKG,1.0,jes,/afs/cern.ch/user/m/mmorris/BackgroundEstimation/CMSSW_10_6_14/src/BstarToTW_CMSDAS2023_BackgroundEstimation/rootfiles/TTbarAllHad16_TTbar.root,MttvsMtcen1bPassJESup,16_TTbar,t#bar{t},,Up,shapes,1.0,JES,
124,16_TTbar,cen1bPass,default,2,BKG,1.0,jes,/afs/cern.ch/user/m/mmorris/BackgroundEstimation/CMSSW_10_6_14/src/BstarToTW_CMSDAS2023_BackgroundEstimation/rootfiles/TTbarAllHad16_TTbar.root,MttvsMtcen1bPassJESdown,16_TTbar,t#bar{t},,Down,shapes,1.0,JES,
125,16_TTbar,cen1bPass,default,2,BKG,1.0,jer,/afs/cern.ch/user/m/mmorris/BackgroundEstimation/CMSSW_10_6_14/src/BstarToTW_CMSDAS2023_BackgroundEstimation/rootfiles/TTbarAllHad16_TTbar.root,MttvsMtcen1bPassJERup,16_TTbar,t#bar{t},,Up,shapes,1.0,JER,
126,16_TTbar,cen1bPass,default,2,BKG,1.0,jer,/afs/cern.ch/user/m/mmorris/BackgroundEstimation/CMSSW_10_6_14/src/BstarToTW_CMSDAS2023_BackgroundEstimation/rootfiles/TTbarAllHad16_TTbar.root,MttvsMtcen1bPassJERdown,16_TTbar,t#bar{t},,Down,shapes,1.0,JER,
127,16_TTbar,cen1bPass,default,2,BKG,1.0,nominal,/afs/cern.ch/user/m/mmorris/BackgroundEstimation/CMSSW_10_6_14/src/BstarToTW_CMSDAS2023_BackgroundEstimation/rootfiles/TTbarAllHad16_TTbar.root,MttvsMtcen1bPass,16_TTbar,t#bar{t},,,,,,
128,data_obs,fwd2bFail,default,1,DATA,1.0,nominal,/afs/cern.ch/user/m/mmorris/BackgroundEstimation/CMSSW_10_6_14/src/BstarToTW_CMSDAS2023_BackgroundEstimation/rootfiles/TTbarAllHad16_Data.root,MttvsMtfwd2bFail,16_Data,Data,,,,,,
129,16_signalRSGluon2000,fwd2bFail,default,1,SIGNAL,1.0,lumi,/afs/cern.ch/user/m/mmorris/BackgroundEstimation/CMSSW_10_6_14/src/BstarToTW_CMSDAS2023_BackgroundEstimation/rootfiles/TTbarAllHad16_signalRSGluon2000.root,MttvsMtfwd2bFail,16_signalRSGluon2000,g_{RS} (3 TeV),,,lnN,,,1.018
130,16_signalRSGluon2000,fwd2bFail,default,1,SIGNAL,1.0,pileup,/afs/cern.ch/user/m/mmorris/BackgroundEstimation/CMSSW_10_6_14/src/BstarToTW_CMSDAS2023_BackgroundEstimation/rootfiles/TTbarAllHad16_signalRSGluon2000.root,MttvsMtfwd2bFailPILEUPup,16_signalRSGluon2000,g_{RS} (3 TeV),,Up,shapes,1.0,PILEUP,
131,16_signalRSGluon2000,fwd2bFail,default,1,SIGNAL,1.0,pileup,/afs/cern.ch/user/m/mmorris/BackgroundEstimation/CMSSW_10_6_14/src/BstarToTW_CMSDAS2023_BackgroundEstimation/rootfiles/TTbarAllHad16_signalRSGluon2000.root,MttvsMtfwd2bFailPILEUPdown,16_signalRSGluon2000,g_{RS} (3 TeV),,Down,shapes,1.0,PILEUP,
132,16_signalRSGluon2000,fwd2bFail,default,1,SIGNAL,1.0,pdf,/afs/cern.ch/user/m/mmorris/BackgroundEstimation/CMSSW_10_6_14/src/BstarToTW_CMSDAS2023_BackgroundEstimation/rootfiles/TTbarAllHad16_signalRSGluon2000.root,MttvsMtfwd2bFailPDFup,16_signalRSGluon2000,g_{RS} (3 TeV),,Up,shapes,1.0,PDF,
133,16_signalRSGluon2000,fwd2bFail,default,1,SIGNAL,1.0,pdf,/afs/cern.ch/user/m/mmorris/BackgroundEstimation/CMSSW_10_6_14/src/BstarToTW_CMSDAS2023_BackgroundEstimation/rootfiles/TTbarAllHad16_signalRSGluon2000.root,MttvsMtfwd2bFailPDFdown,16_signalRSGluon2000,g_{RS} (3 TeV),,Down,shapes,1.0,PDF,
134,16_signalRSGluon2000,fwd2bFail,default,1,SIGNAL,1.0,jes,/afs/cern.ch/user/m/mmorris/BackgroundEstimation/CMSSW_10_6_14/src/BstarToTW_CMSDAS2023_BackgroundEstimation/rootfiles/TTbarAllHad16_signalRSGluon2000.root,MttvsMtfwd2bFailJESup,16_signalRSGluon2000,g_{RS} (3 TeV),,Up,shapes,1.0,JES,
135,16_signalRSGluon2000,fwd2bFail,default,1,SIGNAL,1.0,jes,/afs/cern.ch/user/m/mmorris/BackgroundEstimation/CMSSW_10_6_14/src/BstarToTW_CMSDAS2023_BackgroundEstimation/rootfiles/TTbarAllHad16_signalRSGluon2000.root,MttvsMtfwd2bFailJESdown,16_signalRSGluon2000,g_{RS} (3 TeV),,Down,shapes,1.0,JES,
136,16_signalRSGluon2000,fwd2bFail,default,1,SIGNAL,1.0,jer,/afs/cern.ch/user/m/mmorris/BackgroundEstimation/CMSSW_10_6_14/src/BstarToTW_CMSDAS2023_BackgroundEstimation/rootfiles/TTbarAllHad16_signalRSGluon2000.root,MttvsMtfwd2bFailJERup,16_signalRSGluon2000,g_{RS} (3 TeV),,Up,shapes,1.0,JER,
137,16_signalRSGluon2000,fwd2bFail,default,1,SIGNAL,1.0,jer,/afs/cern.ch/user/m/mmorris/BackgroundEstimation/CMSSW_10_6_14/src/BstarToTW_CMSDAS2023_BackgroundEstimation/rootfiles/TTbarAllHad16_signalRSGluon2000.root,MttvsMtfwd2bFailJERdown,16_signalRSGluon2000,g_{RS} (3 TeV),,Down,shapes,1.0,JER,
138,16_signalRSGluon2000,fwd2bFail,default,1,SIGNAL,1.0,nominal,/afs/cern.ch/user/m/mmorris/BackgroundEstimation/CMSSW_10_6_14/src/BstarToTW_CMSDAS2023_BackgroundEstimation/rootfiles/TTbarAllHad16_signalRSGluon2000.root,MttvsMtfwd2bFail,16_signalRSGluon2000,g_{RS} (3 TeV),,,,,,
149,16_TTbar,fwd2bFail,default,2,BKG,1.0,lumi,/afs/cern.ch/user/m/mmorris/BackgroundEstimation/CMSSW_10_6_14/src/BstarToTW_CMSDAS2023_BackgroundEstimation/rootfiles/TTbarAllHad16_TTbar.root,MttvsMtfwd2bFail,16_TTbar,t#bar{t},,,lnN,,,1.018
150,16_TTbar,fwd2bFail,default,2,BKG,1.0,ttbar_xsec,/afs/cern.ch/user/m/mmorris/BackgroundEstimation/CMSSW_10_6_14/src/BstarToTW_CMSDAS2023_BackgroundEstimation/rootfiles/TTbarAllHad16_TTbar.root,MttvsMtfwd2bFail,16_TTbar,t#bar{t},,,lnN,,,1.2
151,16_TTbar,fwd2bFail,default,2,BKG,1.0,pileup,/afs/cern.ch/user/m/mmorris/BackgroundEstimation/CMSSW_10_6_14/src/BstarToTW_CMSDAS2023_BackgroundEstimation/rootfiles/TTbarAllHad16_TTbar.root,MttvsMtfwd2bFailPILEUPup,16_TTbar,t#bar{t},,Up,shapes,1.0,PILEUP,
152,16_TTbar,fwd2bFail,default,2,BKG,1.0,pileup,/afs/cern.ch/user/m/mmorris/BackgroundEstimation/CMSSW_10_6_14/src/BstarToTW_CMSDAS2023_BackgroundEstimation/rootfiles/TTbarAllHad16_TTbar.root,MttvsMtfwd2bFailPILEUPdown,16_TTbar,t#bar{t},,Down,shapes,1.0,PILEUP,
153,16_TTbar,fwd2bFail,default,2,BKG,1.0,pdf,/afs/cern.ch/user/m/mmorris/BackgroundEstimation/CMSSW_10_6_14/src/BstarToTW_CMSDAS2023_BackgroundEstimation/rootfiles/TTbarAllHad16_TTbar.root,MttvsMtfwd2bFailPDFup,16_TTbar,t#bar{t},,Up,shapes,1.0,PDF,
154,16_TTbar,fwd2bFail,default,2,BKG,1.0,pdf,/afs/cern.ch/user/m/mmorris/BackgroundEstimation/CMSSW_10_6_14/src/BstarToTW_CMSDAS2023_BackgroundEstimation/rootfiles/TTbarAllHad16_TTbar.root,MttvsMtfwd2bFailPDFdown,16_TTbar,t#bar{t},,Down,shapes,1.0,PDF,
155,16_TTbar,fwd2bFail,default,2,BKG,1.0,jes,/afs/cern.ch/user/m/mmorris/BackgroundEstimation/CMSSW_10_6_14/src/BstarToTW_CMSDAS2023_BackgroundEstimation/rootfiles/TTbarAllHad16_TTbar.root,MttvsMtfwd2bFailJESup,16_TTbar,t#bar{t},,Up,shapes,1.0,JES,
156,16_TTbar,fwd2bFail,default,2,BKG,1.0,jes,/afs/cern.ch/user/m/mmorris/BackgroundEstimation/CMSSW_10_6_14/src/BstarToTW_CMSDAS2023_BackgroundEstimation/rootfiles/TTbarAllHad16_TTbar.root,MttvsMtfwd2bFailJESdown,16_TTbar,t#bar{t},,Down,shapes,1.0,JES,
157,16_TTbar,fwd2bFail,default,2,BKG,1.0,jer,/afs/cern.ch/user/m/mmorris/BackgroundEstimation/CMSSW_10_6_14/src/BstarToTW_CMSDAS2023_BackgroundEstimation/rootfiles/TTbarAllHad16_TTbar.root,MttvsMtfwd2bFailJERup,16_TTbar,t#bar{t},,Up,shapes,1.0,JER,
158,16_TTbar,fwd2bFail,default,2,BKG,1.0,jer,/afs/cern.ch/user/m/mmorris/BackgroundEstimation/CMSSW_10_6_14/src/BstarToTW_CMSDAS2023_BackgroundEstimation/rootfiles/TTbarAllHad16_TTbar.root,MttvsMtfwd2bFailJERdown,16_TTbar,t#bar{t},,Down,shapes,1.0,JER,
159,16_TTbar,fwd2bFail,default,2,BKG,1.0,nominal,/afs/cern.ch/user/m/mmorris/BackgroundEstimation/CMSSW_10_6_14/src/BstarToTW_CMSDAS2023_BackgroundEstimation/rootfiles/TTbarAllHad16_TTbar.root,MttvsMtfwd2bFail,16_TTbar,t#bar{t},,,,,,
160,data_obs,fwd1bFail,default,1,DATA,1.0,nominal,/afs/cern.ch/user/m/mmorris/BackgroundEstimation/CMSSW_10_6_14/src/BstarToTW_CMSDAS2023_BackgroundEstimation/rootfiles/TTbarAllHad16_Data.root,MttvsMtfwd1bFail,16_Data,Data,,,,,,
161,16_signalRSGluon2000,fwd1bFail,default,1,SIGNAL,1.0,lumi,/afs/cern.ch/user/m/mmorris/BackgroundEstimation/CMSSW_10_6_14/src/BstarToTW_CMSDAS2023_BackgroundEstimation/rootfiles/TTbarAllHad16_signalRSGluon2000.root,MttvsMtfwd1bFail,16_signalRSGluon2000,g_{RS} (3 TeV),,,lnN,,,1.018
162,16_signalRSGluon2000,fwd1bFail,default,1,SIGNAL,1.0,pileup,/afs/cern.ch/user/m/mmorris/BackgroundEstimation/CMSSW_10_6_14/src/BstarToTW_CMSDAS2023_BackgroundEstimation/rootfiles/TTbarAllHad16_signalRSGluon2000.root,MttvsMtfwd1bFailPILEUPup,16_signalRSGluon2000,g_{RS} (3 TeV),,Up,shapes,1.0,PILEUP,
163,16_signalRSGluon2000,fwd1bFail,default,1,SIGNAL,1.0,pileup,/afs/cern.ch/user/m/mmorris/BackgroundEstimation/CMSSW_10_6_14/src/BstarToTW_CMSDAS2023_BackgroundEstimation/rootfiles/TTbarAllHad16_signalRSGluon2000.root,MttvsMtfwd1bFailPILEUPdown,16_signalRSGluon2000,g_{RS} (3 TeV),,Down,shapes,1.0,PILEUP,
164,16_signalRSGluon2000,fwd1bFail,default,1,SIGNAL,1.0,pdf,/afs/cern.ch/user/m/mmorris/BackgroundEstimation/CMSSW_10_6_14/src/BstarToTW_CMSDAS2023_BackgroundEstimation/rootfiles/TTbarAllHad16_signalRSGluon2000.root,MttvsMtfwd1bFailPDFup,16_signalRSGluon2000,g_{RS} (3 TeV),,Up,shapes,1.0,PDF,
165,16_signalRSGluon2000,fwd1bFail,default,1,SIGNAL,1.0,pdf,/afs/cern.ch/user/m/mmorris/BackgroundEstimation/CMSSW_10_6_14/src/BstarToTW_CMSDAS2023_BackgroundEstimation/rootfiles/TTbarAllHad16_signalRSGluon2000.root,MttvsMtfwd1bFailPDFdown,16_signalRSGluon2000,g_{RS} (3 TeV),,Down,shapes,1.0,PDF,
166,16_signalRSGluon2000,fwd1bFail,default,1,SIGNAL,1.0,jes,/afs/cern.ch/user/m/mmorris/BackgroundEstimation/CMSSW_10_6_14/src/BstarToTW_CMSDAS2023_BackgroundEstimation/rootfiles/TTbarAllHad16_signalRSGluon2000.root,MttvsMtfwd1bFailJESup,16_signalRSGluon2000,g_{RS} (3 TeV),,Up,shapes,1.0,JES,
167,16_signalRSGluon2000,fwd1bFail,default,1,SIGNAL,1.0,jes,/afs/cern.ch/user/m/mmorris/BackgroundEstimation/CMSSW_10_6_14/src/BstarToTW_CMSDAS2023_BackgroundEstimation/rootfiles/TTbarAllHad16_signalRSGluon2000.root,MttvsMtfwd1bFailJESdown,16_signalRSGluon2000,g_{RS} (3 TeV),,Down,shapes,1.0,JES,
168,16_signalRSGluon2000,fwd1bFail,default,1,SIGNAL,1.0,jer,/afs/cern.ch/user/m/mmorris/BackgroundEstimation/CMSSW_10_6_14/src/BstarToTW_CMSDAS2023_BackgroundEstimation/rootfiles/TTbarAllHad16_signalRSGluon2000.root,MttvsMtfwd1bFailJERup,16_signalRSGluon2000,g_{RS} (3 TeV),,Up,shapes,1.0,JER,
169,16_signalRSGluon2000,fwd1bFail,default,1,SIGNAL,1.0,jer,/afs/cern.ch/user/m/mmorris/BackgroundEstimation/CMSSW_10_6_14/src/BstarToTW_CMSDAS2023_BackgroundEstimation/rootfiles/TTbarAllHad16_signalRSGluon2000.root,MttvsMtfwd1bFailJERdown,16_signalRSGluon2000,g_{RS} (3 TeV),,Down,shapes,1.0,JER,
170,16_signalRSGluon2000,fwd1bFail,default,1,SIGNAL,1.0,nominal,/afs/cern.ch/user/m/mmorris/BackgroundEstimation/CMSSW_10_6_14/src/BstarToTW_CMSDAS2023_BackgroundEstimation/rootfiles/TTbarAllHad16_signalRSGluon2000.root,MttvsMtfwd1bFail,16_signalRSGluon2000,g_{RS} (3 TeV),,,,,,
181,16_TTbar,fwd1bFail,default,2,BKG,1.0,lumi,/afs/cern.ch/user/m/mmorris/BackgroundEstimation/CMSSW_10_6_14/src/BstarToTW_CMSDAS2023_BackgroundEstimation/rootfiles/TTbarAllHad16_TTbar.root,MttvsMtfwd1bFail,16_TTbar,t#bar{t},,,lnN,,,1.018
182,16_TTbar,fwd1bFail,default,2,BKG,1.0,ttbar_xsec,/afs/cern.ch/user/m/mmorris/BackgroundEstimation/CMSSW_10_6_14/src/BstarToTW_CMSDAS2023_BackgroundEstimation/rootfiles/TTbarAllHad16_TTbar.root,MttvsMtfwd1bFail,16_TTbar,t#bar{t},,,lnN,,,1.2
183,16_TTbar,fwd1bFail,default,2,BKG,1.0,pileup,/afs/cern.ch/user/m/mmorris/BackgroundEstimation/CMSSW_10_6_14/src/BstarToTW_CMSDAS2023_BackgroundEstimation/rootfiles/TTbarAllHad16_TTbar.root,MttvsMtfwd1bFailPILEUPup,16_TTbar,t#bar{t},,Up,shapes,1.0,PILEUP,
184,16_TTbar,fwd1bFail,default,2,BKG,1.0,pileup,/afs/cern.ch/user/m/mmorris/BackgroundEstimation/CMSSW_10_6_14/src/BstarToTW_CMSDAS2023_BackgroundEstimation/rootfiles/TTbarAllHad16_TTbar.root,MttvsMtfwd1bFailPILEUPdown,16_TTbar,t#bar{t},,Down,shapes,1.0,PILEUP,
185,16_TTbar,fwd1bFail,default,2,BKG,1.0,pdf,/afs/cern.ch/user/m/mmorris/BackgroundEstimation/CMSSW_10_6_14/src/BstarToTW_CMSDAS2023_BackgroundEstimation/rootfiles/TTbarAllHad16_TTbar.root,MttvsMtfwd1bFailPDFup,16_TTbar,t#bar{t},,Up,shapes,1.0,PDF,
186,16_TTbar,fwd1bFail,default,2,BKG,1.0,pdf,/afs/cern.ch/user/m/mmorris/BackgroundEstimation/CMSSW_10_6_14/src/BstarToTW_CMSDAS2023_BackgroundEstimation/rootfiles/TTbarAllHad16_TTbar.root,MttvsMtfwd1bFailPDFdown,16_TTbar,t#bar{t},,Down,shapes,1.0,PDF,
187,16_TTbar,fwd1bFail,default,2,BKG,1.0,jes,/afs/cern.ch/user/m/mmorris/BackgroundEstimation/CMSSW_10_6_14/src/BstarToTW_CMSDAS2023_BackgroundEstimation/rootfiles/TTbarAllHad16_TTbar.root,MttvsMtfwd1bFailJESup,16_TTbar,t#bar{t},,Up,shapes,1.0,JES,
188,16_TTbar,fwd1bFail,default,2,BKG,1.0,jes,/afs/cern.ch/user/m/mmorris/BackgroundEstimation/CMSSW_10_6_14/src/BstarToTW_CMSDAS2023_BackgroundEstimation/rootfiles/TTbarAllHad16_TTbar.root,MttvsMtfwd1bFailJESdown,16_TTbar,t#bar{t},,Down,shapes,1.0,JES,
189,16_TTbar,fwd1bFail,default,2,BKG,1.0,jer,/afs/cern.ch/user/m/mmorris/BackgroundEstimation/CMSSW_10_6_14/src/BstarToTW_CMSDAS2023_BackgroundEstimation/rootfiles/TTbarAllHad16_TTbar.root,MttvsMtfwd1bFailJERup,16_TTbar,t#bar{t},,Up,shapes,1.0,JER,
190,16_TTbar,fwd1bFail,default,2,BKG,1.0,jer,/afs/cern.ch/user/m/mmorris/BackgroundEstimation/CMSSW_10_6_14/src/BstarToTW_CMSDAS2023_BackgroundEstimation/rootfiles/TTbarAllHad16_TTbar.root,MttvsMtfwd1bFailJERdown,16_TTbar,t#bar{t},,Down,shapes,1.0,JER,
191,16_TTbar,fwd1bFail,default,2,BKG,1.0,nominal,/afs/cern.ch/user/m/mmorris/BackgroundEstimation/CMSSW_10_6_14/src/BstarToTW_CMSDAS2023_BackgroundEstimation/rootfiles/TTbarAllHad16_TTbar.root,MttvsMtfwd1bFail,16_TTbar,t#bar{t},,,,,,
192,data_obs,cen0bFail,default,1,DATA,1.0,nominal,/afs/cern.ch/user/m/mmorris/BackgroundEstimation/CMSSW_10_6_14/src/BstarToTW_CMSDAS2023_BackgroundEstimation/rootfiles/TTbarAllHad16_Data.root,MttvsMtcen0bFail,16_Data,Data,,,,,,
193,16_signalRSGluon2000,cen0bFail,default,1,SIGNAL,1.0,lumi,/afs/cern.ch/user/m/mmorris/BackgroundEstimation/CMSSW_10_6_14/src/BstarToTW_CMSDAS2023_BackgroundEstimation/rootfiles/TTbarAllHad16_signalRSGluon2000.root,MttvsMtcen0bFail,16_signalRSGluon2000,g_{RS} (3 TeV),,,lnN,,,1.018
194,16_signalRSGluon2000,cen0bFail,default,1,SIGNAL,1.0,pileup,/afs/cern.ch/user/m/mmorris/BackgroundEstimation/CMSSW_10_6_14/src/BstarToTW_CMSDAS2023_BackgroundEstimation/rootfiles/TTbarAllHad16_signalRSGluon2000.root,MttvsMtcen0bFailPILEUPup,16_signalRSGluon2000,g_{RS} (3 TeV),,Up,shapes,1.0,PILEUP,
195,16_signalRSGluon2000,cen0bFail,default,1,SIGNAL,1.0,pileup,/afs/cern.ch/user/m/mmorris/BackgroundEstimation/CMSSW_10_6_14/src/BstarToTW_CMSDAS2023_BackgroundEstimation/rootfiles/TTbarAllHad16_signalRSGluon2000.root,MttvsMtcen0bFailPILEUPdown,16_signalRSGluon2000,g_{RS} (3 TeV),,Down,shapes,1.0,PILEUP,
196,16_signalRSGluon2000,cen0bFail,default,1,SIGNAL,1.0,pdf,/afs/cern.ch/user/m/mmorris/BackgroundEstimation/CMSSW_10_6_14/src/BstarToTW_CMSDAS2023_BackgroundEstimation/rootfiles/TTbarAllHad16_signalRSGluon2000.root,MttvsMtcen0bFailPDFup,16_signalRSGluon2000,g_{RS} (3 TeV),,Up,shapes,1.0,PDF,
197,16_signalRSGluon2000,cen0bFail,default,1,SIGNAL,1.0,pdf,/afs/cern.ch/user/m/mmorris/BackgroundEstimation/CMSSW_10_6_14/src/BstarToTW_CMSDAS2023_BackgroundEstimation/rootfiles/TTbarAllHad16_signalRSGluon2000.root,MttvsMtcen0bFailPDFdown,16_signalRSGluon2000,g_{RS} (3 TeV),,Down,shapes,1.0,PDF,
198,16_signalRSGluon2000,cen0bFail,default,1,SIGNAL,1.0,jes,/afs/cern.ch/user/m/mmorris/BackgroundEstimation/CMSSW_10_6_14/src/BstarToTW_CMSDAS2023_BackgroundEstimation/rootfiles/TTbarAllHad16_signalRSGluon2000.root,MttvsMtcen0bFailJESup,16_signalRSGluon2000,g_{RS} (3 TeV),,Up,shapes,1.0,JES,
199,16_signalRSGluon2000,cen0bFail,default,1,SIGNAL,1.0,jes,/afs/cern.ch/user/m/mmorris/BackgroundEstimation/CMSSW_10_6_14/src/BstarToTW_CMSDAS2023_BackgroundEstimation/rootfiles/TTbarAllHad16_signalRSGluon2000.root,MttvsMtcen0bFailJESdown,16_signalRSGluon2000,g_{RS} (3 TeV),,Down,shapes,1.0,JES,
200,16_signalRSGluon2000,cen0bFail,default,1,SIGNAL,1.0,jer,/afs/cern.ch/user/m/mmorris/BackgroundEstimation/CMSSW_10_6_14/src/BstarToTW_CMSDAS2023_BackgroundEstimation/rootfiles/TTbarAllHad16_signalRSGluon2000.root,MttvsMtcen0bFailJERup,16_signalRSGluon2000,g_{RS} (3 TeV),,Up,shapes,1.0,JER,
201,16_signalRSGluon2000,cen0bFail,default,1,SIGNAL,1.0,jer,/afs/cern.ch/user/m/mmorris/BackgroundEstimation/CMSSW_10_6_14/src/BstarToTW_CMSDAS2023_BackgroundEstimation/rootfiles/TTbarAllHad16_signalRSGluon2000.root,MttvsMtcen0bFailJERdown,16_signalRSGluon2000,g_{RS} (3 TeV),,Down,shapes,1.0,JER,
202,16_signalRSGluon2000,cen0bFail,default,1,SIGNAL,1.0,nominal,/afs/cern.ch/user/m/mmorris/BackgroundEstimation/CMSSW_10_6_14/src/BstarToTW_CMSDAS2023_BackgroundEstimation/rootfiles/TTbarAllHad16_signalRSGluon2000.root,MttvsMtcen0bFail,16_signalRSGluon2000,g_{RS} (3 TeV),,,,,,
213,16_TTbar,cen0bFail,default,2,BKG,1.0,lumi,/afs/cern.ch/user/m/mmorris/BackgroundEstimation/CMSSW_10_6_14/src/BstarToTW_CMSDAS2023_BackgroundEstimation/rootfiles/TTbarAllHad16_TTbar.root,MttvsMtcen0bFail,16_TTbar,t#bar{t},,,lnN,,,1.018
214,16_TTbar,cen0bFail,default,2,BKG,1.0,ttbar_xsec,/afs/cern.ch/user/m/mmorris/BackgroundEstimation/CMSSW_10_6_14/src/BstarToTW_CMSDAS2023_BackgroundEstimation/rootfiles/TTbarAllHad16_TTbar.root,MttvsMtcen0bFail,16_TTbar,t#bar{t},,,lnN,,,1.2
215,16_TTbar,cen0bFail,default,2,BKG,1.0,pileup,/afs/cern.ch/user/m/mmorris/BackgroundEstimation/CMSSW_10_6_14/src/BstarToTW_CMSDAS2023_BackgroundEstimation/rootfiles/TTbarAllHad16_TTbar.root,MttvsMtcen0bFailPILEUPup,16_TTbar,t#bar{t},,Up,shapes,1.0,PILEUP,
216,16_TTbar,cen0bFail,default,2,BKG,1.0,pileup,/afs/cern.ch/user/m/mmorris/BackgroundEstimation/CMSSW_10_6_14/src/BstarToTW_CMSDAS2023_BackgroundEstimation/rootfiles/TTbarAllHad16_TTbar.root,MttvsMtcen0bFailPILEUPdown,16_TTbar,t#bar{t},,Down,shapes,1.0,PILEUP,
217,16_TTbar,cen0bFail,default,2,BKG,1.0,pdf,/afs/cern.ch/user/m/mmorris/BackgroundEstimation/CMSSW_10_6_14/src/BstarToTW_CMSDAS2023_BackgroundEstimation/rootfiles/TTbarAllHad16_TTbar.root,MttvsMtcen0bFailPDFup,16_TTbar,t#bar{t},,Up,shapes,1.0,PDF,
218,16_TTbar,cen0bFail,default,2,BKG,1.0,pdf,/afs/cern.ch/user/m/mmorris/BackgroundEstimation/CMSSW_10_6_14/src/BstarToTW_CMSDAS2023_BackgroundEstimation/rootfiles/TTbarAllHad16_TTbar.root,MttvsMtcen0bFailPDFdown,16_TTbar,t#bar{t},,Down,shapes,1.0,PDF,
219,16_TTbar,cen0bFail,default,2,BKG,1.0,jes,/afs/cern.ch/user/m/mmorris/BackgroundEstimation/CMSSW_10_6_14/src/BstarToTW_CMSDAS2023_BackgroundEstimation/rootfiles/TTbarAllHad16_TTbar.root,MttvsMtcen0bFailJESup,16_TTbar,t#bar{t},,Up,shapes,1.0,JES,
220,16_TTbar,cen0bFail,default,2,BKG,1.0,jes,/afs/cern.ch/user/m/mmorris/BackgroundEstimation/CMSSW_10_6_14/src/BstarToTW_CMSDAS2023_BackgroundEstimation/rootfiles/TTbarAllHad16_TTbar.root,MttvsMtcen0bFailJESdown,16_TTbar,t#bar{t},,Down,shapes,1.0,JES,
221,16_TTbar,cen0bFail,default,2,BKG,1.0,jer,/afs/cern.ch/user/m/mmorris/BackgroundEstimation/CMSSW_10_6_14/src/BstarToTW_CMSDAS2023_BackgroundEstimation/rootfiles/TTbarAllHad16_TTbar.root,MttvsMtcen0bFailJERup,16_TTbar,t#bar{t},,Up,shapes,1.0,JER,
222,16_TTbar,cen0bFail,default,2,BKG,1.0,jer,/afs/cern.ch/user/m/mmorris/BackgroundEstimation/CMSSW_10_6_14/src/BstarToTW_CMSDAS2023_BackgroundEstimation/rootfiles/TTbarAllHad16_TTbar.root,MttvsMtcen0bFailJERdown,16_TTbar,t#bar{t},,Down,shapes,1.0,JER,
223,16_TTbar,cen0bFail,default,2,BKG,1.0,nominal,/afs/cern.ch/user/m/mmorris/BackgroundEstimation/CMSSW_10_6_14/src/BstarToTW_CMSDAS2023_BackgroundEstimation/rootfiles/TTbarAllHad16_TTbar.root,MttvsMtcen0bFail,16_TTbar,t#bar{t},,,,,,
224,data_obs,cen0bPass,default,1,DATA,1.0,nominal,/afs/cern.ch/user/m/mmorris/BackgroundEstimation/CMSSW_10_6_14/src/BstarToTW_CMSDAS2023_BackgroundEstimation/rootfiles/TTbarAllHad16_Data.root,MttvsMtcen0bPass,16_Data,Data,,,,,,
225,16_signalRSGluon2000,cen0bPass,default,1,SIGNAL,1.0,lumi,/afs/cern.ch/user/m/mmorris/BackgroundEstimation/CMSSW_10_6_14/src/BstarToTW_CMSDAS2023_BackgroundEstimation/rootfiles/TTbarAllHad16_signalRSGluon2000.root,MttvsMtcen0bPass,16_signalRSGluon2000,g_{RS} (3 TeV),,,lnN,,,1.018
226,16_signalRSGluon2000,cen0bPass,default,1,SIGNAL,1.0,pileup,/afs/cern.ch/user/m/mmorris/BackgroundEstimation/CMSSW_10_6_14/src/BstarToTW_CMSDAS2023_BackgroundEstimation/rootfiles/TTbarAllHad16_signalRSGluon2000.root,MttvsMtcen0bPassPILEUPup,16_signalRSGluon2000,g_{RS} (3 TeV),,Up,shapes,1.0,PILEUP,
227,16_signalRSGluon2000,cen0bPass,default,1,SIGNAL,1.0,pileup,/afs/cern.ch/user/m/mmorris/BackgroundEstimation/CMSSW_10_6_14/src/BstarToTW_CMSDAS2023_BackgroundEstimation/rootfiles/TTbarAllHad16_signalRSGluon2000.root,MttvsMtcen0bPassPILEUPdown,16_signalRSGluon2000,g_{RS} (3 TeV),,Down,shapes,1.0,PILEUP,
228,16_signalRSGluon2000,cen0bPass,default,1,SIGNAL,1.0,pdf,/afs/cern.ch/user/m/mmorris/BackgroundEstimation/CMSSW_10_6_14/src/BstarToTW_CMSDAS2023_BackgroundEstimation/rootfiles/TTbarAllHad16_signalRSGluon2000.root,MttvsMtcen0bPassPDFup,16_signalRSGluon2000,g_{RS} (3 TeV),,Up,shapes,1.0,PDF,
229,16_signalRSGluon2000,cen0bPass,default,1,SIGNAL,1.0,pdf,/afs/cern.ch/user/m/mmorris/BackgroundEstimation/CMSSW_10_6_14/src/BstarToTW_CMSDAS2023_BackgroundEstimation/rootfiles/TTbarAllHad16_signalRSGluon2000.root,MttvsMtcen0bPassPDFdown,16_signalRSGluon2000,g_{RS} (3 TeV),,Down,shapes,1.0,PDF,
230,16_signalRSGluon2000,cen0bPass,default,1,SIGNAL,1.0,jes,/afs/cern.ch/user/m/mmorris/BackgroundEstimation/CMSSW_10_6_14/src/BstarToTW_CMSDAS2023_BackgroundEstimation/rootfiles/TTbarAllHad16_signalRSGluon2000.root,MttvsMtcen0bPassJESup,16_signalRSGluon2000,g_{RS} (3 TeV),,Up,shapes,1.0,JES,
231,16_signalRSGluon2000,cen0bPass,default,1,SIGNAL,1.0,jes,/afs/cern.ch/user/m/mmorris/BackgroundEstimation/CMSSW_10_6_14/src/BstarToTW_CMSDAS2023_BackgroundEstimation/rootfiles/TTbarAllHad16_signalRSGluon2000.root,MttvsMtcen0bPassJESdown,16_signalRSGluon2000,g_{RS} (3 TeV),,Down,shapes,1.0,JES,
232,16_signalRSGluon2000,cen0bPass,default,1,SIGNAL,1.0,jer,/afs/cern.ch/user/m/mmorris/BackgroundEstimation/CMSSW_10_6_14/src/BstarToTW_CMSDAS2023_BackgroundEstimation/rootfiles/TTbarAllHad16_signalRSGluon2000.root,MttvsMtcen0bPassJERup,16_signalRSGluon2000,g_{RS} (3 TeV),,Up,shapes,1.0,JER,
233,16_signalRSGluon2000,cen0bPass,default,1,SIGNAL,1.0,jer,/afs/cern.ch/user/m/mmorris/BackgroundEstimation/CMSSW_10_6_14/src/BstarToTW_CMSDAS2023_BackgroundEstimation/rootfiles/TTbarAllHad16_signalRSGluon2000.root,MttvsMtcen0bPassJERdown,16_signalRSGluon2000,g_{RS} (3 TeV),,Down,shapes,1.0,JER,
234,16_signalRSGluon2000,cen0bPass,default,1,SIGNAL,1.0,nominal,/afs/cern.ch/user/m/mmorris/BackgroundEstimation/CMSSW_10_6_14/src/BstarToTW_CMSDAS2023_BackgroundEstimation/rootfiles/TTbarAllHad16_signalRSGluon2000.root,MttvsMtcen0bPass,16_signalRSGluon2000,g_{RS} (3 TeV),,,,,,
245,16_TTbar,cen0bPass,default,2,BKG,1.0,lumi,/afs/cern.ch/user/m/mmorris/BackgroundEstimation/CMSSW_10_6_14/src/BstarToTW_CMSDAS2023_BackgroundEstimation/rootfiles/TTbarAllHad16_TTbar.root,MttvsMtcen0bPass,16_TTbar,t#bar{t},,,lnN,,,1.018
246,16_TTbar,cen0bPass,default,2,BKG,1.0,ttbar_xsec,/afs/cern.ch/user/m/mmorris/BackgroundEstimation/CMSSW_10_6_14/src/BstarToTW_CMSDAS2023_BackgroundEstimation/rootfiles/TTbarAllHad16_TTbar.root,MttvsMtcen0bPass,16_TTbar,t#bar{t},,,lnN,,,1.2
247,16_TTbar,cen0bPass,default,2,BKG,1.0,pileup,/afs/cern.ch/user/m/mmorris/BackgroundEstimation/CMSSW_10_6_14/src/BstarToTW_CMSDAS2023_BackgroundEstimation/rootfiles/TTbarAllHad16_TTbar.root,MttvsMtcen0bPassPILEUPup,16_TTbar,t#bar{t},,Up,shapes,1.0,PILEUP,
248,16_TTbar,cen0bPass,default,2,BKG,1.0,pileup,/afs/cern.ch/user/m/mmorris/BackgroundEstimation/CMSSW_10_6_14/src/BstarToTW_CMSDAS2023_BackgroundEstimation/rootfiles/TTbarAllHad16_TTbar.root,MttvsMtcen0bPassPILEUPdown,16_TTbar,t#bar{t},,Down,shapes,1.0,PILEUP,
249,16_TTbar,cen0bPass,default,2,BKG,1.0,pdf,/afs/cern.ch/user/m/mmorris/BackgroundEstimation/CMSSW_10_6_14/src/BstarToTW_CMSDAS2023_BackgroundEstimation/rootfiles/TTbarAllHad16_TTbar.root,MttvsMtcen0bPassPDFup,16_TTbar,t#bar{t},,Up,shapes,1.0,PDF,
250,16_TTbar,cen0bPass,default,2,BKG,1.0,pdf,/afs/cern.ch/user/m/mmorris/BackgroundEstimation/CMSSW_10_6_14/src/BstarToTW_CMSDAS2023_BackgroundEstimation/rootfiles/TTbarAllHad16_TTbar.root,MttvsMtcen0bPassPDFdown,16_TTbar,t#bar{t},,Down,shapes,1.0,PDF,
251,16_TTbar,cen0bPass,default,2,BKG,1.0,jes,/afs/cern.ch/user/m/mmorris/BackgroundEstimation/CMSSW_10_6_14/src/BstarToTW_CMSDAS2023_BackgroundEstimation/rootfiles/TTbarAllHad16_TTbar.root,MttvsMtcen0bPassJESup,16_TTbar,t#bar{t},,Up,shapes,1.0,JES,
252,16_TTbar,cen0bPass,default,2,BKG,1.0,jes,/afs/cern.ch/user/m/mmorris/BackgroundEstimation/CMSSW_10_6_14/src/BstarToTW_CMSDAS2023_BackgroundEstimation/rootfiles/TTbarAllHad16_TTbar.root,MttvsMtcen0bPassJESdown,16_TTbar,t#bar{t},,Down,shapes,1.0,JES,
253,16_TTbar,cen0bPass,default,2,BKG,1.0,jer,/afs/cern.ch/user/m/mmorris/BackgroundEstimation/CMSSW_10_6_14/src/BstarToTW_CMSDAS2023_BackgroundEstimation/rootfiles/TTbarAllHad16_TTbar.root,MttvsMtcen0bPassJERup,16_TTbar,t#bar{t},,Up,shapes,1.0,JER,
254,16_TTbar,cen0bPass,default,2,BKG,1.0,jer,/afs/cern.ch/user/m/mmorris/BackgroundEstimation/CMSSW_10_6_14/src/BstarToTW_CMSDAS2023_BackgroundEstimation/rootfiles/TTbarAllHad16_TTbar.root,MttvsMtcen0bPassJERdown,16_TTbar,t#bar{t},,Down,shapes,1.0,JER,
255,16_TTbar,cen0bPass,default,2,BKG,1.0,nominal,/afs/cern.ch/user/m/mmorris/BackgroundEstimation/CMSSW_10_6_14/src/BstarToTW_CMSDAS2023_BackgroundEstimation/rootfiles/TTbarAllHad16_TTbar.root,MttvsMtcen0bPass,16_TTbar,t#bar{t},,,,,,
256,data_obs,fwd0bPass,default,1,DATA,1.0,nominal,/afs/cern.ch/user/m/mmorris/BackgroundEstimation/CMSSW_10_6_14/src/BstarToTW_CMSDAS2023_BackgroundEstimation/rootfiles/TTbarAllHad16_Data.root,MttvsMtfwd0bPass,16_Data,Data,,,,,,
257,16_signalRSGluon2000,fwd0bPass,default,1,SIGNAL,1.0,lumi,/afs/cern.ch/user/m/mmorris/BackgroundEstimation/CMSSW_10_6_14/src/BstarToTW_CMSDAS2023_BackgroundEstimation/rootfiles/TTbarAllHad16_signalRSGluon2000.root,MttvsMtfwd0bPass,16_signalRSGluon2000,g_{RS} (3 TeV),,,lnN,,,1.018
258,16_signalRSGluon2000,fwd0bPass,default,1,SIGNAL,1.0,pileup,/afs/cern.ch/user/m/mmorris/BackgroundEstimation/CMSSW_10_6_14/src/BstarToTW_CMSDAS2023_BackgroundEstimation/rootfiles/TTbarAllHad16_signalRSGluon2000.root,MttvsMtfwd0bPassPILEUPup,16_signalRSGluon2000,g_{RS} (3 TeV),,Up,shapes,1.0,PILEUP,
259,16_signalRSGluon2000,fwd0bPass,default,1,SIGNAL,1.0,pileup,/afs/cern.ch/user/m/mmorris/BackgroundEstimation/CMSSW_10_6_14/src/BstarToTW_CMSDAS2023_BackgroundEstimation/rootfiles/TTbarAllHad16_signalRSGluon2000.root,MttvsMtfwd0bPassPILEUPdown,16_signalRSGluon2000,g_{RS} (3 TeV),,Down,shapes,1.0,PILEUP,
260,16_signalRSGluon2000,fwd0bPass,default,1,SIGNAL,1.0,pdf,/afs/cern.ch/user/m/mmorris/BackgroundEstimation/CMSSW_10_6_14/src/BstarToTW_CMSDAS2023_BackgroundEstimation/rootfiles/TTbarAllHad16_signalRSGluon2000.root,MttvsMtfwd0bPassPDFup,16_signalRSGluon2000,g_{RS} (3 TeV),,Up,shapes,1.0,PDF,
261,16_signalRSGluon2000,fwd0bPass,default,1,SIGNAL,1.0,pdf,/afs/cern.ch/user/m/mmorris/BackgroundEstimation/CMSSW_10_6_14/src/BstarToTW_CMSDAS2023_BackgroundEstimation/rootfiles/TTbarAllHad16_signalRSGluon2000.root,MttvsMtfwd0bPassPDFdown,16_signalRSGluon2000,g_{RS} (3 TeV),,Down,shapes,1.0,PDF,
262,16_signalRSGluon2000,fwd0bPass,default,1,SIGNAL,1.0,jes,/afs/cern.ch/user/m/mmorris/BackgroundEstimation/CMSSW_10_6_14/src/BstarToTW_CMSDAS2023_BackgroundEstimation/rootfiles/TTbarAllHad16_signalRSGluon2000.root,MttvsMtfwd0bPassJESup,16_signalRSGluon2000,g_{RS} (3 TeV),,Up,shapes,1.0,JES,
263,16_signalRSGluon2000,fwd0bPass,default,1,SIGNAL,1.0,jes,/afs/cern.ch/user/m/mmorris/BackgroundEstimation/CMSSW_10_6_14/src/BstarToTW_CMSDAS2023_BackgroundEstimation/rootfiles/TTbarAllHad16_signalRSGluon2000.root,MttvsMtfwd0bPassJESdown,16_signalRSGluon2000,g_{RS} (3 TeV),,Down,shapes,1.0,JES,
264,16_signalRSGluon2000,fwd0bPass,default,1,SIGNAL,1.0,jer,/afs/cern.ch/user/m/mmorris/BackgroundEstimation/CMSSW_10_6_14/src/BstarToTW_CMSDAS2023_BackgroundEstimation/rootfiles/TTbarAllHad16_signalRSGluon2000.root,MttvsMtfwd0bPassJERup,16_signalRSGluon2000,g_{RS} (3 TeV),,Up,shapes,1.0,JER,
265,16_signalRSGluon2000,fwd0bPass,default,1,SIGNAL,1.0,jer,/afs/cern.ch/user/m/mmorris/BackgroundEstimation/CMSSW_10_6_14/src/BstarToTW_CMSDAS2023_BackgroundEstimation/rootfiles/TTbarAllHad16_signalRSGluon2000.root,MttvsMtfwd0bPassJERdown,16_signalRSGluon2000,g_{RS} (3 TeV),,Down,shapes,1.0,JER,
266,16_signalRSGluon2000,fwd0bPass,default,1,SIGNAL,1.0,nominal,/afs/cern.ch/user/m/mmorris/BackgroundEstimation/CMSSW_10_6_14/src/BstarToTW_CMSDAS2023_BackgroundEstimation/rootfiles/TTbarAllHad16_signalRSGluon2000.root,MttvsMtfwd0bPass,16_signalRSGluon2000,g_{RS} (3 TeV),,,,,,
277,16_TTbar,fwd0bPass,default,2,BKG,1.0,lumi,/afs/cern.ch/user/m/mmorris/BackgroundEstimation/CMSSW_10_6_14/src/BstarToTW_CMSDAS2023_BackgroundEstimation/rootfiles/TTbarAllHad16_TTbar.root,MttvsMtfwd0bPass,16_TTbar,t#bar{t},,,lnN,,,1.018
278,16_TTbar,fwd0bPass,default,2,BKG,1.0,ttbar_xsec,/afs/cern.ch/user/m/mmorris/BackgroundEstimation/CMSSW_10_6_14/src/BstarToTW_CMSDAS2023_BackgroundEstimation/rootfiles/TTbarAllHad16_TTbar.root,MttvsMtfwd0bPass,16_TTbar,t#bar{t},,,lnN,,,1.2
279,16_TTbar,fwd0bPass,default,2,BKG,1.0,pileup,/afs/cern.ch/user/m/mmorris/BackgroundEstimation/CMSSW_10_6_14/src/BstarToTW_CMSDAS2023_BackgroundEstimation/rootfiles/TTbarAllHad16_TTbar.root,MttvsMtfwd0bPassPILEUPup,16_TTbar,t#bar{t},,Up,shapes,1.0,PILEUP,
280,16_TTbar,fwd0bPass,default,2,BKG,1.0,pileup,/afs/cern.ch/user/m/mmorris/BackgroundEstimation/CMSSW_10_6_14/src/BstarToTW_CMSDAS2023_BackgroundEstimation/rootfiles/TTbarAllHad16_TTbar.root,MttvsMtfwd0bPassPILEUPdown,16_TTbar,t#bar{t},,Down,shapes,1.0,PILEUP,
281,16_TTbar,fwd0bPass,default,2,BKG,1.0,pdf,/afs/cern.ch/user/m/mmorris/BackgroundEstimation/CMSSW_10_6_14/src/BstarToTW_CMSDAS2023_BackgroundEstimation/rootfiles/TTbarAllHad16_TTbar.root,MttvsMtfwd0bPassPDFup,16_TTbar,t#bar{t},,Up,shapes,1.0,PDF,
282,16_TTbar,fwd0bPass,default,2,BKG,1.0,pdf,/afs/cern.ch/user/m/mmorris/BackgroundEstimation/CMSSW_10_6_14/src/BstarToTW_CMSDAS2023_BackgroundEstimation/rootfiles/TTbarAllHad16_TTbar.root,MttvsMtfwd0bPassPDFdown,16_TTbar,t#bar{t},,Down,shapes,1.0,PDF,
283,16_TTbar,fwd0bPass,default,2,BKG,1.0,jes,/afs/cern.ch/user/m/mmorris/BackgroundEstimation/CMSSW_10_6_14/src/BstarToTW_CMSDAS2023_BackgroundEstimation/rootfiles/TTbarAllHad16_TTbar.root,MttvsMtfwd0bPassJESup,16_TTbar,t#bar{t},,Up,shapes,1.0,JES,
284,16_TTbar,fwd0bPass,default,2,BKG,1.0,jes,/afs/cern.ch/user/m/mmorris/BackgroundEstimation/CMSSW_10_6_14/src/BstarToTW_CMSDAS2023_BackgroundEstimation/rootfiles/TTbarAllHad16_TTbar.root,MttvsMtfwd0bPassJESdown,16_TTbar,t#bar{t},,Down,shapes,1.0,JES,
285,16_TTbar,fwd0bPass,default,2,BKG,1.0,jer,/afs/cern.ch/user/m/mmorris/BackgroundEstimation/CMSSW_10_6_14/src/BstarToTW_CMSDAS2023_BackgroundEstimation/rootfiles/TTbarAllHad16_TTbar.root,MttvsMtfwd0bPassJERup,16_TTbar,t#bar{t},,Up,shapes,1.0,JER,
286,16_TTbar,fwd0bPass,default,2,BKG,1.0,jer,/afs/cern.ch/user/m/mmorris/BackgroundEstimation/CMSSW_10_6_14/src/BstarToTW_CMSDAS2023_BackgroundEstimation/rootfiles/TTbarAllHad16_TTbar.root,MttvsMtfwd0bPassJERdown,16_TTbar,t#bar{t},,Down,shapes,1.0,JER,
287,16_TTbar,fwd0bPass,default,2,BKG,1.0,nominal,/afs/cern.ch/user/m/mmorris/BackgroundEstimation/CMSSW_10_6_14/src/BstarToTW_CMSDAS2023_BackgroundEstimation/rootfiles/TTbarAllHad16_TTbar.root,MttvsMtfwd0bPass,16_TTbar,t#bar{t},,,,,,
288,data_obs,fwd0bFail,default,1,DATA,1.0,nominal,/afs/cern.ch/user/m/mmorris/BackgroundEstimation/CMSSW_10_6_14/src/BstarToTW_CMSDAS2023_BackgroundEstimation/rootfiles/TTbarAllHad16_Data.root,MttvsMtfwd0bFail,16_Data,Data,,,,,,
289,16_signalRSGluon2000,fwd0bFail,default,1,SIGNAL,1.0,lumi,/afs/cern.ch/user/m/mmorris/BackgroundEstimation/CMSSW_10_6_14/src/BstarToTW_CMSDAS2023_BackgroundEstimation/rootfiles/TTbarAllHad16_signalRSGluon2000.root,MttvsMtfwd0bFail,16_signalRSGluon2000,g_{RS} (3 TeV),,,lnN,,,1.018
290,16_signalRSGluon2000,fwd0bFail,default,1,SIGNAL,1.0,pileup,/afs/cern.ch/user/m/mmorris/BackgroundEstimation/CMSSW_10_6_14/src/BstarToTW_CMSDAS2023_BackgroundEstimation/rootfiles/TTbarAllHad16_signalRSGluon2000.root,MttvsMtfwd0bFailPILEUPup,16_signalRSGluon2000,g_{RS} (3 TeV),,Up,shapes,1.0,PILEUP,
291,16_signalRSGluon2000,fwd0bFail,default,1,SIGNAL,1.0,pileup,/afs/cern.ch/user/m/mmorris/BackgroundEstimation/CMSSW_10_6_14/src/BstarToTW_CMSDAS2023_BackgroundEstimation/rootfiles/TTbarAllHad16_signalRSGluon2000.root,MttvsMtfwd0bFailPILEUPdown,16_signalRSGluon2000,g_{RS} (3 TeV),,Down,shapes,1.0,PILEUP,
292,16_signalRSGluon2000,fwd0bFail,default,1,SIGNAL,1.0,pdf,/afs/cern.ch/user/m/mmorris/BackgroundEstimation/CMSSW_10_6_14/src/BstarToTW_CMSDAS2023_BackgroundEstimation/rootfiles/TTbarAllHad16_signalRSGluon2000.root,MttvsMtfwd0bFailPDFup,16_signalRSGluon2000,g_{RS} (3 TeV),,Up,shapes,1.0,PDF,
293,16_signalRSGluon2000,fwd0bFail,default,1,SIGNAL,1.0,pdf,/afs/cern.ch/user/m/mmorris/BackgroundEstimation/CMSSW_10_6_14/src/BstarToTW_CMSDAS2023_BackgroundEstimation/rootfiles/TTbarAllHad16_signalRSGluon2000.root,MttvsMtfwd0bFailPDFdown,16_signalRSGluon2000,g_{RS} (3 TeV),,Down,shapes,1.0,PDF,
294,16_signalRSGluon2000,fwd0bFail,default,1,SIGNAL,1.0,jes,/afs/cern.ch/user/m/mmorris/BackgroundEstimation/CMSSW_10_6_14/src/BstarToTW_CMSDAS2023_BackgroundEstimation/rootfiles/TTbarAllHad16_signalRSGluon2000.root,MttvsMtfwd0bFailJESup,16_signalRSGluon2000,g_{RS} (3 TeV),,Up,shapes,1.0,JES,
295,16_signalRSGluon2000,fwd0bFail,default,1,SIGNAL,1.0,jes,/afs/cern.ch/user/m/mmorris/BackgroundEstimation/CMSSW_10_6_14/src/BstarToTW_CMSDAS2023_BackgroundEstimation/rootfiles/TTbarAllHad16_signalRSGluon2000.root,MttvsMtfwd0bFailJESdown,16_signalRSGluon2000,g_{RS} (3 TeV),,Down,shapes,1.0,JES,
296,16_signalRSGluon2000,fwd0bFail,default,1,SIGNAL,1.0,jer,/afs/cern.ch/user/m/mmorris/BackgroundEstimation/CMSSW_10_6_14/src/BstarToTW_CMSDAS2023_BackgroundEstimation/rootfiles/TTbarAllHad16_signalRSGluon2000.root,MttvsMtfwd0bFailJERup,16_signalRSGluon2000,g_{RS} (3 TeV),,Up,shapes,1.0,JER,
297,16_signalRSGluon2000,fwd0bFail,default,1,SIGNAL,1.0,jer,/afs/cern.ch/user/m/mmorris/BackgroundEstimation/CMSSW_10_6_14/src/BstarToTW_CMSDAS2023_BackgroundEstimation/rootfiles/TTbarAllHad16_signalRSGluon2000.root,MttvsMtfwd0bFailJERdown,16_signalRSGluon2000,g_{RS} (3 TeV),,Down,shapes,1.0,JER,
298,16_signalRSGluon2000,fwd0bFail,default,1,SIGNAL,1.0,nominal,/afs/cern.ch/user/m/mmorris/BackgroundEstimation/CMSSW_10_6_14/src/BstarToTW_CMSDAS2023_BackgroundEstimation/rootfiles/TTbarAllHad16_signalRSGluon2000.root,MttvsMtfwd0bFail,16_signalRSGluon2000,g_{RS} (3 TeV),,,,,,
309,16_TTbar,fwd0bFail,default,2,BKG,1.0,lumi,/afs/cern.ch/user/m/mmorris/BackgroundEstimation/CMSSW_10_6_14/src/BstarToTW_CMSDAS2023_BackgroundEstimation/rootfiles/TTbarAllHad16_TTbar.root,MttvsMtfwd0bFail,16_TTbar,t#bar{t},,,lnN,,,1.018
310,16_TTbar,fwd0bFail,default,2,BKG,1.0,ttbar_xsec,/afs/cern.ch/user/m/mmorris/BackgroundEstimation/CMSSW_10_6_14/src/BstarToTW_CMSDAS2023_BackgroundEstimation/rootfiles/TTbarAllHad16_TTbar.root,MttvsMtfwd0bFail,16_TTbar,t#bar{t},,,lnN,,,1.2
311,16_TTbar,fwd0bFail,default,2,BKG,1.0,pileup,/afs/cern.ch/user/m/mmorris/BackgroundEstimation/CMSSW_10_6_14/src/BstarToTW_CMSDAS2023_BackgroundEstimation/rootfiles/TTbarAllHad16_TTbar.root,MttvsMtfwd0bFailPILEUPup,16_TTbar,t#bar{t},,Up,shapes,1.0,PILEUP,
312,16_TTbar,fwd0bFail,default,2,BKG,1.0,pileup,/afs/cern.ch/user/m/mmorris/BackgroundEstimation/CMSSW_10_6_14/src/BstarToTW_CMSDAS2023_BackgroundEstimation/rootfiles/TTbarAllHad16_TTbar.root,MttvsMtfwd0bFailPILEUPdown,16_TTbar,t#bar{t},,Down,shapes,1.0,PILEUP,
313,16_TTbar,fwd0bFail,default,2,BKG,1.0,pdf,/afs/cern.ch/user/m/mmorris/BackgroundEstimation/CMSSW_10_6_14/src/BstarToTW_CMSDAS2023_BackgroundEstimation/rootfiles/TTbarAllHad16_TTbar.root,MttvsMtfwd0bFailPDFup,16_TTbar,t#bar{t},,Up,shapes,1.0,PDF,
314,16_TTbar,fwd0bFail,default,2,BKG,1.0,pdf,/afs/cern.ch/user/m/mmorris/BackgroundEstimation/CMSSW_10_6_14/src/BstarToTW_CMSDAS2023_BackgroundEstimation/rootfiles/TTbarAllHad16_TTbar.root,MttvsMtfwd0bFailPDFdown,16_TTbar,t#bar{t},,Down,shapes,1.0,PDF,
315,16_TTbar,fwd0bFail,default,2,BKG,1.0,jes,/afs/cern.ch/user/m/mmorris/BackgroundEstimation/CMSSW_10_6_14/src/BstarToTW_CMSDAS2023_BackgroundEstimation/rootfiles/TTbarAllHad16_TTbar.root,MttvsMtfwd0bFailJESup,16_TTbar,t#bar{t},,Up,shapes,1.0,JES,
316,16_TTbar,fwd0bFail,default,2,BKG,1.0,jes,/afs/cern.ch/user/m/mmorris/BackgroundEstimation/CMSSW_10_6_14/src/BstarToTW_CMSDAS2023_BackgroundEstimation/rootfiles/TTbarAllHad16_TTbar.root,MttvsMtfwd0bFailJESdown,16_TTbar,t#bar{t},,Down,shapes,1.0,JES,
317,16_TTbar,fwd0bFail,default,2,BKG,1.0,jer,/afs/cern.ch/user/m/mmorris/BackgroundEstimation/CMSSW_10_6_14/src/BstarToTW_CMSDAS2023_BackgroundEstimation/rootfiles/TTbarAllHad16_TTbar.root,MttvsMtfwd0bFailJERup,16_TTbar,t#bar{t},,Up,shapes,1.0,JER,
318,16_TTbar,fwd0bFail,default,2,BKG,1.0,jer,/afs/cern.ch/user/m/mmorris/BackgroundEstimation/CMSSW_10_6_14/src/BstarToTW_CMSDAS2023_BackgroundEstimation/rootfiles/TTbarAllHad16_TTbar.root,MttvsMtfwd0bFailJERdown,16_TTbar,t#bar{t},,Down,shapes,1.0,JER,
319,16_TTbar,fwd0bFail,default,2,BKG,1.0,nominal,/afs/cern.ch/user/m/mmorris/BackgroundEstimation/CMSSW_10_6_14/src/BstarToTW_CMSDAS2023_BackgroundEstimation/rootfiles/TTbarAllHad16_TTbar.root,MttvsMtfwd0bFail,16_TTbar,t#bar{t},,,,,,
320,data_obs,cen1bFail,default,1,DATA,1.0,nominal,/afs/cern.ch/user/m/mmorris/BackgroundEstimation/CMSSW_10_6_14/src/BstarToTW_CMSDAS2023_BackgroundEstimation/rootfiles/TTbarAllHad16_Data.root,MttvsMtcen1bFail,16_Data,Data,,,,,,
321,16_signalRSGluon2000,cen1bFail,default,1,SIGNAL,1.0,lumi,/afs/cern.ch/user/m/mmorris/BackgroundEstimation/CMSSW_10_6_14/src/BstarToTW_CMSDAS2023_BackgroundEstimation/rootfiles/TTbarAllHad16_signalRSGluon2000.root,MttvsMtcen1bFail,16_signalRSGluon2000,g_{RS} (3 TeV),,,lnN,,,1.018
322,16_signalRSGluon2000,cen1bFail,default,1,SIGNAL,1.0,pileup,/afs/cern.ch/user/m/mmorris/BackgroundEstimation/CMSSW_10_6_14/src/BstarToTW_CMSDAS2023_BackgroundEstimation/rootfiles/TTbarAllHad16_signalRSGluon2000.root,MttvsMtcen1bFailPILEUPup,16_signalRSGluon2000,g_{RS} (3 TeV),,Up,shapes,1.0,PILEUP,
323,16_signalRSGluon2000,cen1bFail,default,1,SIGNAL,1.0,pileup,/afs/cern.ch/user/m/mmorris/BackgroundEstimation/CMSSW_10_6_14/src/BstarToTW_CMSDAS2023_BackgroundEstimation/rootfiles/TTbarAllHad16_signalRSGluon2000.root,MttvsMtcen1bFailPILEUPdown,16_signalRSGluon2000,g_{RS} (3 TeV),,Down,shapes,1.0,PILEUP,
324,16_signalRSGluon2000,cen1bFail,default,1,SIGNAL,1.0,pdf,/afs/cern.ch/user/m/mmorris/BackgroundEstimation/CMSSW_10_6_14/src/BstarToTW_CMSDAS2023_BackgroundEstimation/rootfiles/TTbarAllHad16_signalRSGluon2000.root,MttvsMtcen1bFailPDFup,16_signalRSGluon2000,g_{RS} (3 TeV),,Up,shapes,1.0,PDF,
325,16_signalRSGluon2000,cen1bFail,default,1,SIGNAL,1.0,pdf,/afs/cern.ch/user/m/mmorris/BackgroundEstimation/CMSSW_10_6_14/src/BstarToTW_CMSDAS2023_BackgroundEstimation/rootfiles/TTbarAllHad16_signalRSGluon2000.root,MttvsMtcen1bFailPDFdown,16_signalRSGluon2000,g_{RS} (3 TeV),,Down,shapes,1.0,PDF,
326,16_signalRSGluon2000,cen1bFail,default,1,SIGNAL,1.0,jes,/afs/cern.ch/user/m/mmorris/BackgroundEstimation/CMSSW_10_6_14/src/BstarToTW_CMSDAS2023_BackgroundEstimation/rootfiles/TTbarAllHad16_signalRSGluon2000.root,MttvsMtcen1bFailJESup,16_signalRSGluon2000,g_{RS} (3 TeV),,Up,shapes,1.0,JES,
327,16_signalRSGluon2000,cen1bFail,default,1,SIGNAL,1.0,jes,/afs/cern.ch/user/m/mmorris/BackgroundEstimation/CMSSW_10_6_14/src/BstarToTW_CMSDAS2023_BackgroundEstimation/rootfiles/TTbarAllHad16_signalRSGluon2000.root,MttvsMtcen1bFailJESdown,16_signalRSGluon2000,g_{RS} (3 TeV),,Down,shapes,1.0,JES,
328,16_signalRSGluon2000,cen1bFail,default,1,SIGNAL,1.0,jer,/afs/cern.ch/user/m/mmorris/BackgroundEstimation/CMSSW_10_6_14/src/BstarToTW_CMSDAS2023_BackgroundEstimation/rootfiles/TTbarAllHad16_signalRSGluon2000.root,MttvsMtcen1bFailJERup,16_signalRSGluon2000,g_{RS} (3 TeV),,Up,shapes,1.0,JER,
329,16_signalRSGluon2000,cen1bFail,default,1,SIGNAL,1.0,jer,/afs/cern.ch/user/m/mmorris/BackgroundEstimation/CMSSW_10_6_14/src/BstarToTW_CMSDAS2023_BackgroundEstimation/rootfiles/TTbarAllHad16_signalRSGluon2000.root,MttvsMtcen1bFailJERdown,16_signalRSGluon2000,g_{RS} (3 TeV),,Down,shapes,1.0,JER,
330,16_signalRSGluon2000,cen1bFail,default,1,SIGNAL,1.0,nominal,/afs/cern.ch/user/m/mmorris/BackgroundEstimation/CMSSW_10_6_14/src/BstarToTW_CMSDAS2023_BackgroundEstimation/rootfiles/TTbarAllHad16_signalRSGluon2000.root,MttvsMtcen1bFail,16_signalRSGluon2000,g_{RS} (3 TeV),,,,,,
341,16_TTbar,cen1bFail,default,2,BKG,1.0,lumi,/afs/cern.ch/user/m/mmorris/BackgroundEstimation/CMSSW_10_6_14/src/BstarToTW_CMSDAS2023_BackgroundEstimation/rootfiles/TTbarAllHad16_TTbar.root,MttvsMtcen1bFail,16_TTbar,t#bar{t},,,lnN,,,1.018
342,16_TTbar,cen1bFail,default,2,BKG,1.0,ttbar_xsec,/afs/cern.ch/user/m/mmorris/BackgroundEstimation/CMSSW_10_6_14/src/BstarToTW_CMSDAS2023_BackgroundEstimation/rootfiles/TTbarAllHad16_TTbar.root,MttvsMtcen1bFail,16_TTbar,t#bar{t},,,lnN,,,1.2
343,16_TTbar,cen1bFail,default,2,BKG,1.0,pileup,/afs/cern.ch/user/m/mmorris/BackgroundEstimation/CMSSW_10_6_14/src/BstarToTW_CMSDAS2023_BackgroundEstimation/rootfiles/TTbarAllHad16_TTbar.root,MttvsMtcen1bFailPILEUPup,16_TTbar,t#bar{t},,Up,shapes,1.0,PILEUP,
344,16_TTbar,cen1bFail,default,2,BKG,1.0,pileup,/afs/cern.ch/user/m/mmorris/BackgroundEstimation/CMSSW_10_6_14/src/BstarToTW_CMSDAS2023_BackgroundEstimation/rootfiles/TTbarAllHad16_TTbar.root,MttvsMtcen1bFailPILEUPdown,16_TTbar,t#bar{t},,Down,shapes,1.0,PILEUP,
345,16_TTbar,cen1bFail,default,2,BKG,1.0,pdf,/afs/cern.ch/user/m/mmorris/BackgroundEstimation/CMSSW_10_6_14/src/BstarToTW_CMSDAS2023_BackgroundEstimation/rootfiles/TTbarAllHad16_TTbar.root,MttvsMtcen1bFailPDFup,16_TTbar,t#bar{t},,Up,shapes,1.0,PDF,
346,16_TTbar,cen1bFail,default,2,BKG,1.0,pdf,/afs/cern.ch/user/m/mmorris/BackgroundEstimation/CMSSW_10_6_14/src/BstarToTW_CMSDAS2023_BackgroundEstimation/rootfiles/TTbarAllHad16_TTbar.root,MttvsMtcen1bFailPDFdown,16_TTbar,t#bar{t},,Down,shapes,1.0,PDF,
347,16_TTbar,cen1bFail,default,2,BKG,1.0,jes,/afs/cern.ch/user/m/mmorris/BackgroundEstimation/CMSSW_10_6_14/src/BstarToTW_CMSDAS2023_BackgroundEstimation/rootfiles/TTbarAllHad16_TTbar.root,MttvsMtcen1bFailJESup,16_TTbar,t#bar{t},,Up,shapes,1.0,JES,
348,16_TTbar,cen1bFail,default,2,BKG,1.0,jes,/afs/cern.ch/user/m/mmorris/BackgroundEstimation/CMSSW_10_6_14/src/BstarToTW_CMSDAS2023_BackgroundEstimation/rootfiles/TTbarAllHad16_TTbar.root,MttvsMtcen1bFailJESdown,16_TTbar,t#bar{t},,Down,shapes,1.0,JES,
349,16_TTbar,cen1bFail,default,2,BKG,1.0,jer,/afs/cern.ch/user/m/mmorris/BackgroundEstimation/CMSSW_10_6_14/src/BstarToTW_CMSDAS2023_BackgroundEstimation/rootfiles/TTbarAllHad16_TTbar.root,MttvsMtcen1bFailJERup,16_TTbar,t#bar{t},,Up,shapes,1.0,JER,
350,16_TTbar,cen1bFail,default,2,BKG,1.0,jer,/afs/cern.ch/user/m/mmorris/BackgroundEstimation/CMSSW_10_6_14/src/BstarToTW_CMSDAS2023_BackgroundEstimation/rootfiles/TTbarAllHad16_TTbar.root,MttvsMtcen1bFailJERdown,16_TTbar,t#bar{t},,Down,shapes,1.0,JER,
351,16_TTbar,cen1bFail,default,2,BKG,1.0,nominal,/afs/cern.ch/user/m/mmorris/BackgroundEstimation/CMSSW_10_6_14/src/BstarToTW_CMSDAS2023_BackgroundEstimation/rootfiles/TTbarAllHad16_TTbar.root,MttvsMtcen1bFail,16_TTbar,t#bar{t},,,,,,
352,data_obs,cen2bFail,default,1,DATA,1.0,nominal,/afs/cern.ch/user/m/mmorris/BackgroundEstimation/CMSSW_10_6_14/src/BstarToTW_CMSDAS2023_BackgroundEstimation/rootfiles/TTbarAllHad16_Data.root,MttvsMtcen2bFail,16_Data,Data,,,,,,
353,16_signalRSGluon2000,cen2bFail,default,1,SIGNAL,1.0,lumi,/afs/cern.ch/user/m/mmorris/BackgroundEstimation/CMSSW_10_6_14/src/BstarToTW_CMSDAS2023_BackgroundEstimation/rootfiles/TTbarAllHad16_signalRSGluon2000.root,MttvsMtcen2bFail,16_signalRSGluon2000,g_{RS} (3 TeV),,,lnN,,,1.018
354,16_signalRSGluon2000,cen2bFail,default,1,SIGNAL,1.0,pileup,/afs/cern.ch/user/m/mmorris/BackgroundEstimation/CMSSW_10_6_14/src/BstarToTW_CMSDAS2023_BackgroundEstimation/rootfiles/TTbarAllHad16_signalRSGluon2000.root,MttvsMtcen2bFailPILEUPup,16_signalRSGluon2000,g_{RS} (3 TeV),,Up,shapes,1.0,PILEUP,
355,16_signalRSGluon2000,cen2bFail,default,1,SIGNAL,1.0,pileup,/afs/cern.ch/user/m/mmorris/BackgroundEstimation/CMSSW_10_6_14/src/BstarToTW_CMSDAS2023_BackgroundEstimation/rootfiles/TTbarAllHad16_signalRSGluon2000.root,MttvsMtcen2bFailPILEUPdown,16_signalRSGluon2000,g_{RS} (3 TeV),,Down,shapes,1.0,PILEUP,
356,16_signalRSGluon2000,cen2bFail,default,1,SIGNAL,1.0,pdf,/afs/cern.ch/user/m/mmorris/BackgroundEstimation/CMSSW_10_6_14/src/BstarToTW_CMSDAS2023_BackgroundEstimation/rootfiles/TTbarAllHad16_signalRSGluon2000.root,MttvsMtcen2bFailPDFup,16_signalRSGluon2000,g_{RS} (3 TeV),,Up,shapes,1.0,PDF,
357,16_signalRSGluon2000,cen2bFail,default,1,SIGNAL,1.0,pdf,/afs/cern.ch/user/m/mmorris/BackgroundEstimation/CMSSW_10_6_14/src/BstarToTW_CMSDAS2023_BackgroundEstimation/rootfiles/TTbarAllHad16_signalRSGluon2000.root,MttvsMtcen2bFailPDFdown,16_signalRSGluon2000,g_{RS} (3 TeV),,Down,shapes,1.0,PDF,
358,16_signalRSGluon2000,cen2bFail,default,1,SIGNAL,1.0,jes,/afs/cern.ch/user/m/mmorris/BackgroundEstimation/CMSSW_10_6_14/src/BstarToTW_CMSDAS2023_BackgroundEstimation/rootfiles/TTbarAllHad16_signalRSGluon2000.root,MttvsMtcen2bFailJESup,16_signalRSGluon2000,g_{RS} (3 TeV),,Up,shapes,1.0,JES,
359,16_signalRSGluon2000,cen2bFail,default,1,SIGNAL,1.0,jes,/afs/cern.ch/user/m/mmorris/BackgroundEstimation/CMSSW_10_6_14/src/BstarToTW_CMSDAS2023_BackgroundEstimation/rootfiles/TTbarAllHad16_signalRSGluon2000.root,MttvsMtcen2bFailJESdown,16_signalRSGluon2000,g_{RS} (3 TeV),,Down,shapes,1.0,JES,
360,16_signalRSGluon2000,cen2bFail,default,1,SIGNAL,1.0,jer,/afs/cern.ch/user/m/mmorris/BackgroundEstimation/CMSSW_10_6_14/src/BstarToTW_CMSDAS2023_BackgroundEstimation/rootfiles/TTbarAllHad16_signalRSGluon2000.root,MttvsMtcen2bFailJERup,16_signalRSGluon2000,g_{RS} (3 TeV),,Up,shapes,1.0,JER,
361,16_signalRSGluon2000,cen2bFail,default,1,SIGNAL,1.0,jer,/afs/cern.ch/user/m/mmorris/BackgroundEstimation/CMSSW_10_6_14/src/BstarToTW_CMSDAS2023_BackgroundEstimation/rootfiles/TTbarAllHad16_signalRSGluon2000.root,MttvsMtcen2bFailJERdown,16_signalRSGluon2000,g_{RS} (3 TeV),,Down,shapes,1.0,JER,
362,16_signalRSGluon2000,cen2bFail,default,1,SIGNAL,1.0,nominal,/afs/cern.ch/user/m/mmorris/BackgroundEstimation/CMSSW_10_6_14/src/BstarToTW_CMSDAS2023_BackgroundEstimation/rootfiles/TTbarAllHad16_signalRSGluon2000.root,MttvsMtcen2bFail,16_signalRSGluon2000,g_{RS} (3 TeV),,,,,,
373,16_TTbar,cen2bFail,default,2,BKG,1.0,lumi,/afs/cern.ch/user/m/mmorris/BackgroundEstimation/CMSSW_10_6_14/src/BstarToTW_CMSDAS2023_BackgroundEstimation/rootfiles/TTbarAllHad16_TTbar.root,MttvsMtcen2bFail,16_TTbar,t#bar{t},,,lnN,,,1.018
374,16_TTbar,cen2bFail,default,2,BKG,1.0,ttbar_xsec,/afs/cern.ch/user/m/mmorris/BackgroundEstimation/CMSSW_10_6_14/src/BstarToTW_CMSDAS2023_BackgroundEstimation/rootfiles/TTbarAllHad16_TTbar.root,MttvsMtcen2bFail,16_TTbar,t#bar{t},,,lnN,,,1.2
375,16_TTbar,cen2bFail,default,2,BKG,1.0,pileup,/afs/cern.ch/user/m/mmorris/BackgroundEstimation/CMSSW_10_6_14/src/BstarToTW_CMSDAS2023_BackgroundEstimation/rootfiles/TTbarAllHad16_TTbar.root,MttvsMtcen2bFailPILEUPup,16_TTbar,t#bar{t},,Up,shapes,1.0,PILEUP,
376,16_TTbar,cen2bFail,default,2,BKG,1.0,pileup,/afs/cern.ch/user/m/mmorris/BackgroundEstimation/CMSSW_10_6_14/src/BstarToTW_CMSDAS2023_BackgroundEstimation/rootfiles/TTbarAllHad16_TTbar.root,MttvsMtcen2bFailPILEUPdown,16_TTbar,t#bar{t},,Down,shapes,1.0,PILEUP,
377,16_TTbar,cen2bFail,default,2,BKG,1.0,pdf,/afs/cern.ch/user/m/mmorris/BackgroundEstimation/CMSSW_10_6_14/src/BstarToTW_CMSDAS2023_BackgroundEstimation/rootfiles/TTbarAllHad16_TTbar.root,MttvsMtcen2bFailPDFup,16_TTbar,t#bar{t},,Up,shapes,1.0,PDF,
378,16_TTbar,cen2bFail,default,2,BKG,1.0,pdf,/afs/cern.ch/user/m/mmorris/BackgroundEstimation/CMSSW_10_6_14/src/BstarToTW_CMSDAS2023_BackgroundEstimation/rootfiles/TTbarAllHad16_TTbar.root,MttvsMtcen2bFailPDFdown,16_TTbar,t#bar{t},,Down,shapes,1.0,PDF,
379,16_TTbar,cen2bFail,default,2,BKG,1.0,jes,/afs/cern.ch/user/m/mmorris/BackgroundEstimation/CMSSW_10_6_14/src/BstarToTW_CMSDAS2023_BackgroundEstimation/rootfiles/TTbarAllHad16_TTbar.root,MttvsMtcen2bFailJESup,16_TTbar,t#bar{t},,Up,shapes,1.0,JES,
380,16_TTbar,cen2bFail,default,2,BKG,1.0,jes,/afs/cern.ch/user/m/mmorris/BackgroundEstimation/CMSSW_10_6_14/src/BstarToTW_CMSDAS2023_BackgroundEstimation/rootfiles/TTbarAllHad16_TTbar.root,MttvsMtcen2bFailJESdown,16_TTbar,t#bar{t},,Down,shapes,1.0,JES,
381,16_TTbar,cen2bFail,default,2,BKG,1.0,jer,/afs/cern.ch/user/m/mmorris/BackgroundEstimation/CMSSW_10_6_14/src/BstarToTW_CMSDAS2023_BackgroundEstimation/rootfiles/TTbarAllHad16_TTbar.root,MttvsMtcen2bFailJERup,16_TTbar,t#bar{t},,Up,shapes,1.0,JER,
382,16_TTbar,cen2bFail,default,2,BKG,1.0,jer,/afs/cern.ch/user/m/mmorris/BackgroundEstimation/CMSSW_10_6_14/src/BstarToTW_CMSDAS2023_BackgroundEstimation/rootfiles/TTbarAllHad16_TTbar.root,MttvsMtcen2bFailJERdown,16_TTbar,t#bar{t},,Down,shapes,1.0,JER,
383,16_TTbar,cen2bFail,default,2,BKG,1.0,nominal,/afs/cern.ch/user/m/mmorris/BackgroundEstimation/CMSSW_10_6_14/src/BstarToTW_CMSDAS2023_BackgroundEstimation/rootfiles/TTbarAllHad16_TTbar.root,MttvsMtcen2bFail,16_TTbar,t#bar{t},,,,,,
